maude tool: 'maude'
 checking version: 3.5.1. OK.
 checking installation: OK.
[Theory MLS_RatchetTree_Semantic_Final] Theory loaded
[Theory MLS_RatchetTree_Semantic_Final] Theory translated
[Theory MLS_RatchetTree_Semantic_Final] Derivation checks started
[Theory MLS_RatchetTree_Semantic_Final] Derivation checks ended
[Theory MLS_RatchetTree_Semantic_Final] Theory closed
[Saturating Sources] Step 1 (Max 5)
[Saturating Sources] Step 2 (Max 5)
[Saturating Sources] Done
theory MLS_RatchetTree_Semantic_Final

begin

// Function signature and definition of the equational theory E

functions: adec/2, aenc/2, fst/1, h/1, node_sk/1, pair/2, pk/1, sign/2,
           snd/1, true/0, verify/3
equations:
    adec(aenc(x.1, pk(x.2)), x.2) = x.1,
    fst(<x.1, x.2>) = x.1,
    snd(<x.1, x.2>) = x.2,
    verify(sign(x.1, x.2), x.1, pk(x.2)) = true

rule (modulo E) AS_Setup:
   [ Fr( ~sk_as ) ]
  --[ AS_Init( ~sk_as ) ]->
   [ !AS( ~sk_as ), Out( pk(~sk_as) ) ]

  /* has exactly the trivial AC variant */

rule (modulo E) Alice_LTK:
   [ Fr( ~sk_alice ) ]
  --[ AliceKey( ~sk_alice ) ]->
   [ !AliceLTK( ~sk_alice ), !AlicePK( pk(~sk_alice) ), Out( pk(~sk_alice) )
   ]

  /* has exactly the trivial AC variant */

rule (modulo E) Bob_generates_kp:
   [ Fr( ~sk_b ) ]
  --[ BobKPgen( ~sk_b ) ]->
   [ !Bob_KP( ~sk_b, pk(~sk_b) ), Out( <'kpg_b', pk(~sk_b)> ) ]

  /* has exactly the trivial AC variant */

rule (modulo E) Charlie_generates_kp:
   [ Fr( ~sk_c ) ]
  --[ CharlieKPgen( ~sk_c ) ]->
   [ !Charlie_KP( ~sk_c, pk(~sk_c) ), Out( <'kpg_c', pk(~sk_c)> ) ]

  /* has exactly the trivial AC variant */

rule (modulo E) AS_validates_Bob_kp:
   [ !AS( sk_as ), !Bob_KP( sk_b, pk_b ) ]
  --[ AS_ValidatedKP( 'Bob', pk_b ) ]->
   [ !ValidKP( 'Bob', pk_b ) ]

  /* has exactly the trivial AC variant */

rule (modulo E) AS_validates_Charlie_kp:
   [ !AS( sk_as ), !Charlie_KP( sk_c, pk_c ) ]
  --[ AS_ValidatedKP( 'Charlie', pk_c ) ]->
   [ !ValidKP( 'Charlie', pk_c ) ]

  /* has exactly the trivial AC variant */

rule (modulo E) Alice_resolution_key:
   [ Fr( ~sk_ra ) ]
  --[ ResolutionKeyGen( 'Alice', pk(~sk_ra) ) ]->
   [
   !ResolutionKey( 'Alice', ~sk_ra, pk(~sk_ra) ),
   !ResolutionPK( 'Alice', pk(~sk_ra) ), Out( pk(~sk_ra) )
   ]

  /* has exactly the trivial AC variant */

rule (modulo E) Bob_resolution_key:
   [ Fr( ~sk_rb ) ]
  --[ ResolutionKeyGen( 'Bob', pk(~sk_rb) ) ]->
   [
   !ResolutionKey( 'Bob', ~sk_rb, pk(~sk_rb) ),
   !ResolutionPK( 'Bob', pk(~sk_rb) ), Out( pk(~sk_rb) )
   ]

  /* has exactly the trivial AC variant */

rule (modulo E) S1_Alice_creates_group:
   [ !AliceLTK( sk_alice ), Fr( ~g ), Fr( ~ps_a ), Fr( ~epoch0 ) ]
  --[ S1_Create( ~g, ~ps_a ) ]->
   [ Alice_S1( ~g, ~ps_a, h(~ps_a), ~epoch0, sk_alice ), !Group( ~g ) ]

  /* has exactly the trivial AC variant */

rule (modulo E) S2_Alice_invites_Bob:
   [
   Alice_S1( g, ps_a, h(ps_a), epoch0, sk_alice ), !ValidKP( 'Bob', pk_b ),
   In( <'kpg_b', pk_b> )
   ]
  --[ S2_Invite( g, 'Bob' ), Welcome( g, h(ps_a) ) ]->
   [
   Alice_S2( g, ps_a, h(ps_a), epoch0, sk_alice ),
   Out( <aenc(<'Bob', h(ps_a), h(<epoch0, h(h(ps_a))>)>, pk_b), 
         sign(<'Bob', h(ps_a), h(<epoch0, h(h(ps_a))>)>, sk_alice)>
   )
   ]

  /* has exactly the trivial AC variant */

rule (modulo E) S2_Bob_joins:
   [ !Bob_KP( sk_b, pk_b ), In( <cipher, sig> ), !AlicePK( pk_alice ) ]
  --[
  S2_Join( 'Bob', adec(cipher, sk_b) ),
  Eq( verify(sig, adec(cipher, sk_b), pk_alice), true )
  ]->
   [ Bob_S2( adec(cipher, sk_b) ) ]

  /*
  rule (modulo AC) S2_Bob_joins:
     [ !Bob_KP( sk_b, pk_b ), In( <cipher, sig> ), !AlicePK( pk_alice ) ]
    --[ S2_Join( 'Bob', z ), Eq( z.1, true ) ]->
     [ Bob_S2( z ) ]
    variants (modulo AC)
    1. cipher
             = cipher.10
       pk_alice
             = pk_alice.11
       sig   = sig.13
       sk_b  = sk_b.14
       z     = adec(cipher.10, sk_b.14)
       z.1   = verify(sig.13, adec(cipher.10, sk_b.14), pk_alice.11)
    
    2. cipher
             = cipher.13
       pk_alice
             = pk(x.22)
       sig   = sign(adec(cipher.13, sk_b.17), x.22)
       sk_b  = sk_b.17
       z     = adec(cipher.13, sk_b.17)
       z.1   = true
    
    3. cipher
             = aenc(z.13, pk(sk_b.12))
       pk_alice
             = pk(x.18)
       sig   = sign(z.13, x.18)
       sk_b  = sk_b.12
       z     = z.13
       z.1   = true
    
    4. cipher
             = aenc(z.16, pk(sk_b.15))
       pk_alice
             = pk_alice.12
       sig   = sig.14
       sk_b  = sk_b.15
       z     = z.16
       z.1   = verify(sig.14, z.16, pk_alice.12)
  */

rule (modulo E) S3_Bob_update:
   [ Bob_S2( <'Bob', ps_x_old, joiner> ), Fr( ~ps_b ) ]
  --[ S3_Update( 'Bob', ~ps_b, h(~ps_b) ) ]->
   [
   Bob_S3( ~ps_b, h(~ps_b) ),
   Out( <'commit_bob', aenc(h(~ps_b), pk(node_sk(ps_x_old)))> )
   ]

  /* has exactly the trivial AC variant */

rule (modulo E) S3_Alice_receives_commit:
   [
   Alice_S2( g, ps_a, ps_x_old, epoch0, sk_alice ),
   In( <'commit_bob', cipher> )
   ]
  --[ S3_Alice_sync( g, adec(cipher, node_sk(ps_x_old)) ) ]->
   [ Alice_S3( g, adec(cipher, node_sk(ps_x_old)), sk_alice ) ]

  /*
  rule (modulo AC) S3_Alice_receives_commit:
     [
     Alice_S2( g, ps_a, ps_x_old, epoch0, sk_alice ),
     In( <'commit_bob', cipher> )
     ]
    --[ S3_Alice_sync( g, z ) ]->
     [ Alice_S3( g, z, sk_alice ) ]
    variants (modulo AC)
    1. cipher
             = cipher.10
       ps_x_old
             = ps_x_old.14
       z     = adec(cipher.10, node_sk(ps_x_old.14))
    
    2. cipher
             = aenc(z.14, pk(node_sk(ps_x_old.11)))
       ps_x_old
             = ps_x_old.11
       z     = z.14
  */

rule (modulo E) S4_Alice_invites_Charlie:
   [
   Alice_S3( g, ps_x_new, sk_alice ), !ValidKP( 'Charlie', pk_c ),
   In( <'kpg_c', pk_c> )
   ]
  --[ S4_Invite( g, 'Charlie' ), Welcome_W( g, h(ps_x_new) ) ]->
   [
   Alice_S4( g, h(ps_x_new) ), !EpochNodeState( h(ps_x_new) ),
   Out( <aenc(<'Charlie', h(ps_x_new), h(<'ep3', h(ps_x_new)>)>, pk_c), 
         sign(<'Charlie', h(ps_x_new), h(<'ep3', h(ps_x_new)>)>, sk_alice)>
   )
   ]

  /* has exactly the trivial AC variant */

rule (modulo E) S4_Charlie_joins:
   [ !Charlie_KP( sk_c, pk_c ), In( <cipher, sig> ), !AlicePK( pk_alice ) ]
  --[
  S4_Join( 'Charlie', adec(cipher, sk_c) ),
  Eq( verify(sig, adec(cipher, sk_c), pk_alice), true )
  ]->
   [ Charlie_S4( adec(cipher, sk_c) ) ]

  /*
  rule (modulo AC) S4_Charlie_joins:
     [ !Charlie_KP( sk_c, pk_c ), In( <cipher, sig> ), !AlicePK( pk_alice ) ]
    --[ S4_Join( 'Charlie', z ), Eq( z.1, true ) ]->
     [ Charlie_S4( z ) ]
    variants (modulo AC)
    1. cipher
             = cipher.10
       pk_alice
             = pk_alice.11
       sig   = sig.13
       sk_c  = sk_c.14
       z     = adec(cipher.10, sk_c.14)
       z.1   = verify(sig.13, adec(cipher.10, sk_c.14), pk_alice.11)
    
    2. cipher
             = cipher.13
       pk_alice
             = pk(x.22)
       sig   = sign(adec(cipher.13, sk_c.17), x.22)
       sk_c  = sk_c.17
       z     = adec(cipher.13, sk_c.17)
       z.1   = true
    
    3. cipher
             = aenc(z.13, pk(sk_c.12))
       pk_alice
             = pk(x.18)
       sig   = sign(z.13, x.18)
       sk_c  = sk_c.12
       z     = z.13
       z.1   = true
    
    4. cipher
             = aenc(z.16, pk(sk_c.15))
       pk_alice
             = pk_alice.12
       sig   = sig.14
       sk_c  = sk_c.15
       z     = z.16
       z.1   = verify(sig.14, z.16, pk_alice.12)
  */

rule (modulo E) S4_Bob_syncs:
   [ Bob_S3( ps_b, ps_x_new ) ]
  --[ S4_Bob_syncW( h(ps_x_new) ) ]->
   [ Bob_S4( h(ps_x_new) ) ]

  /* has exactly the trivial AC variant */

rule (modulo E) S5_Charlie_update:
   [
   Charlie_S4( <'Charlie', ps_w_old, joiner> ),
   !ResolutionPK( 'Alice', pk_ra ), !ResolutionPK( 'Bob', pk_rb ),
   Fr( ~ps_c )
   ]
  --[
  S5_Update( 'Charlie', ~ps_c, h(~ps_c) ), FS_Update( ps_w_old, h(~ps_c) )
  ]->
   [
   Charlie_S5( h(~ps_c) ), !EpochNodeState( h(~ps_c) ),
   Out( <'commit_charlie_v2', pk(node_sk(h(~ps_c))), aenc(h(~ps_c), pk_ra), 
         aenc(h(~ps_c), pk_rb)>
   )
   ]

  /* has exactly the trivial AC variant */

rule (modulo E) S5_Alice_sync:
   [
   Alice_S4( g, ps_w_old ), !ResolutionKey( 'Alice', sk_ra, pk_ra ),
   In( <'commit_charlie_v2', pk_w_new, ct_a, ct_b> )
   ]
  --[
  Eq( pk(node_sk(adec(ct_a, sk_ra))), pk_w_new ),
  S5_Alice_syncW( g, adec(ct_a, sk_ra) )
  ]->
   [ Alice_S5( g, adec(ct_a, sk_ra) ) ]

  /*
  rule (modulo AC) S5_Alice_sync:
     [
     Alice_S4( g, ps_w_old ), !ResolutionKey( 'Alice', sk_ra, pk_ra ),
     In( <'commit_charlie_v2', pk_w_new, ct_a, ct_b> )
     ]
    --[ Eq( pk(node_sk(z)), pk_w_new ), S5_Alice_syncW( g, z ) ]->
     [ Alice_S5( g, z ) ]
    variants (modulo AC)
    1. ct_a  = ct_a.18
       sk_ra = sk_ra.24
       z     = adec(ct_a.18, sk_ra.24)
    
    2. ct_a  = aenc(z.18, pk(sk_ra.15))
       sk_ra = sk_ra.15
       z     = z.18
  */

rule (modulo E) S5_Bob_sync:
   [
   Bob_S4( ps_w_old ), !ResolutionKey( 'Bob', sk_rb, pk_rb ),
   In( <'commit_charlie_v2', pk_w_new, ct_a, ct_b> )
   ]
  --[
  Eq( pk(node_sk(adec(ct_b, sk_rb))), pk_w_new ),
  S5_Bob_syncW( adec(ct_b, sk_rb) )
  ]->
   [ Bob_S5( adec(ct_b, sk_rb) ) ]

  /*
  rule (modulo AC) S5_Bob_sync:
     [
     Bob_S4( ps_w_old ), !ResolutionKey( 'Bob', sk_rb, pk_rb ),
     In( <'commit_charlie_v2', pk_w_new, ct_a, ct_b> )
     ]
    --[ Eq( pk(node_sk(z)), pk_w_new ), S5_Bob_syncW( z ) ]->
     [ Bob_S5( z ) ]
    variants (modulo AC)
    1. ct_b  = ct_b.15
       sk_rb = sk_rb.19
       z     = adec(ct_b.15, sk_rb.19)
    
    2. ct_b  = aenc(z.17, pk(sk_rb.14))
       sk_rb = sk_rb.14
       z     = z.17
  */

rule (modulo E) FS_Send_epoch_probe:
   [ !EpochNodeState( ps_w ), Fr( ~fs_msg ) ]
  --[ FS_Send( ~fs_msg, ps_w ) ]->
   [ Out( aenc(~fs_msg, pk(node_sk(ps_w))) ) ]

  /* has exactly the trivial AC variant */

rule (modulo E) Reveal_NodeState:
   [ !EpochNodeState( ps_w ) ] --[ RevealNode( ps_w ) ]-> [ Out( ps_w ) ]

  /* has exactly the trivial AC variant */

rule (modulo E) S6_Charlie_sends:
   [ Charlie_S5( ps_w ), Fr( ~msg ) ]
  --[ S6_Send( 'Charlie', ~msg ), Secret_MSG( ~msg ) ]->
   [ Out( aenc(~msg, pk(node_sk(ps_w))) ), !SentMsg( ~msg ) ]

  /* has exactly the trivial AC variant */

rule (modulo E) S6_Alice_recv:
   [ Alice_S5( g, ps_w ), In( cipher ) ]
  --[ S6_Recv( 'Alice', adec(cipher, node_sk(ps_w)) ) ]->
   [ ]

  /*
  rule (modulo AC) S6_Alice_recv:
     [ Alice_S5( g, ps_w ), In( cipher ) ] --[ S6_Recv( 'Alice', z ) ]-> [ ]
    variants (modulo AC)
    1. cipher
             = cipher.7
       ps_w  = ps_w.9
       z     = adec(cipher.7, node_sk(ps_w.9))
    
    2. cipher
             = aenc(z.10, pk(node_sk(ps_w.8)))
       ps_w  = ps_w.8
       z     = z.10
  */

rule (modulo E) S6_Bob_recv:
   [ Bob_S5( ps_w ), In( cipher ) ]
  --[ S6_Recv( 'Bob', adec(cipher, node_sk(ps_w)) ) ]->
   [ ]

  /*
  rule (modulo AC) S6_Bob_recv:
     [ Bob_S5( ps_w ), In( cipher ) ] --[ S6_Recv( 'Bob', z ) ]-> [ ]
    variants (modulo AC)
    1. cipher
             = cipher.6
       ps_w  = ps_w.7
       z     = adec(cipher.6, node_sk(ps_w.7))
    
    2. cipher
             = aenc(z.9, pk(node_sk(ps_w.7)))
       ps_w  = ps_w.7
       z     = z.9
  */

restriction eq_check:
  "∀ x y #i. (Eq( x, y ) @ #i) ⇒ (x = y)"
  // safety formula

  /*
  expanded formula:
  "∀ x y #i. (Eq( x, y ) @ #i) ⇒ (x = y)"
  */

lemma exec_normal_flow_alice_recv:
  exists-trace
  "∃ m #s #ra.
    ((S6_Send( 'Charlie', m ) @ #s) ∧ (S6_Recv( 'Alice', m ) @ #ra)) ∧
    (#s < #ra)"
/*
guarded formula characterizing all satisfying traces:
"∃ m #s #ra.
  (S6_Send( 'Charlie', m ) @ #s) ∧ (S6_Recv( 'Alice', m ) @ #ra)
 ∧
  #s < #ra"
*/
by sorry

lemma exec_normal_flow_bob_recv:
  exists-trace
  "∃ m #s #rb.
    ((S6_Send( 'Charlie', m ) @ #s) ∧ (S6_Recv( 'Bob', m ) @ #rb)) ∧
    (#s < #rb)"
/*
guarded formula characterizing all satisfying traces:
"∃ m #s #rb.
  (S6_Send( 'Charlie', m ) @ #s) ∧ (S6_Recv( 'Bob', m ) @ #rb) ∧ #s < #rb"
*/
by sorry

lemma L1_baseline_secrecy:
  all-traces
  "∀ m #s.
    ((Secret_MSG( m ) @ #s) ∧ (¬(∃ ps #r. RevealNode( ps ) @ #r))) ⇒
    (¬(∃ #j. K( m ) @ #j))"
/*
guarded formula characterizing all counter-examples:
"∃ m #s.
  (Secret_MSG( m ) @ #s)
 ∧
  (∀ ps #r. (RevealNode( ps ) @ #r) ⇒ ⊥) ∧ (∃ #j. (K( m ) @ #j))"
*/
by sorry

lemma exec_fs_current_compromise:
  exists-trace
  "∃ m ps_old ps_new #s #u #r.
    ((((FS_Send( m, ps_old ) @ #s) ∧ (FS_Update( ps_old, ps_new ) @ #u)) ∧
      (RevealNode( ps_new ) @ #r)) ∧
     (#s < #u)) ∧
    (#u < #r)"
/*
guarded formula characterizing all satisfying traces:
"∃ m ps_old ps_new #s #u #r.
  (FS_Send( m, ps_old ) @ #s) ∧
  (FS_Update( ps_old, ps_new ) @ #u) ∧
  (RevealNode( ps_new ) @ #r)
 ∧
  (#s < #u) ∧ (#u < #r)"
*/
by sorry

lemma L2_forward_secrecy:
  all-traces
  "∀ m ps_old ps_new #s #u #r.
    ((((((FS_Send( m, ps_old ) @ #s) ∧ (FS_Update( ps_old, ps_new ) @ #u)) ∧
        (RevealNode( ps_new ) @ #r)) ∧
       (#s < #u)) ∧
      (#u < #r)) ∧
     (¬(∃ #ro. RevealNode( ps_old ) @ #ro))) ⇒
    (¬(∃ #j. K( m ) @ #j))"
/*
guarded formula characterizing all counter-examples:
"∃ m ps_old ps_new #s #u #r.
  (FS_Send( m, ps_old ) @ #s) ∧
  (FS_Update( ps_old, ps_new ) @ #u) ∧
  (RevealNode( ps_new ) @ #r)
 ∧
  (#s < #u) ∧
  (#u < #r) ∧
  (∀ #ro. (RevealNode( ps_old ) @ #ro) ⇒ ⊥) ∧
  (∃ #j. (K( m ) @ #j))"
*/
simplify
solve( !EpochNodeState( ps_old ) ▶₀ #s )
  case S4_Alice_invites_Charlie
  solve( Charlie_S4( <'Charlie', h(ps_x_new), joiner> ) ▶₀ #u )
    case S4_Charlie_joins
    solve( !ResolutionPK( 'Alice', pk_ra ) ▶₁ #u )
      case Alice_resolution_key
      solve( !ResolutionPK( 'Bob', pk_rb ) ▶₂ #u )
        case Bob_resolution_key
        solve( !EpochNodeState( h(~ps_c) ) ▶₀ #r )
          case S4_Alice_invites_Charlie
          solve( !KU( ~fs_msg ) @ #vk )
            case FS_Send_epoch_probe
            solve( splitEqs(3) )
              case split_case_1
              solve( !KU( node_sk(h(adec(cipher, node_sk(h(~ps_a))))) ) @ #vk.19 )
                case c_node_sk
                solve( !KU( sign(<'Charlie', h(adec(cipher, node_sk(h(~ps_a)))), joiner>,
                                 ~sk_alice.1)
                       ) @ #vk.16 )
                  case S4_Alice_invites_Charlie
                  solve( splitEqs(6) )
                    case split_case_1
                    solve( !KU( aenc(<'Charlie', h(adec(cipher, node_sk(h(~ps_a)))), 
                                      h(<'ep3', h(adec(cipher, node_sk(h(~ps_a))))>)>,
                                     pk(~sk_c.1))
                           ) @ #vk.16 )
                      case S4_Alice_invites_Charlie
                      solve( splitEqs(8) )
                        case split_case_1
                        solve( !KU( aenc(~ps_c, pk(node_sk(h(~ps_a.1)))) ) @ #vk.18 )
                          case c_aenc
                          by solve( !KU( ~ps_c ) @ #vk.21 )
                        qed
                      next
                        case split_case_2
                        solve( !KU( aenc(~ps_c, pk(node_sk(h(~ps_a.1)))) ) @ #vk.21 )
                          case c_aenc
                          by solve( !KU( ~ps_c ) @ #vk.27 )
                        qed
                      qed
                    next
                      case c_aenc
                      solve( !KU( aenc(~ps_c, pk(node_sk(h(~ps_a.1)))) ) @ #vk.18 )
                        case c_aenc
                        by solve( !KU( ~ps_c ) @ #vk.26 )
                      qed
                    qed
                  next
                    case split_case_2
                    solve( !KU( aenc(<'Charlie', h(adec(cipher, node_sk(h(~ps_a)))), 
                                      h(<'ep3', h(adec(cipher, node_sk(h(~ps_a))))>)>,
                                     pk(~sk_c.2))
                           ) @ #vk.19 )
                      case S4_Alice_invites_Charlie
                      solve( splitEqs(8) )
                        case split_case_1
                        solve( !KU( aenc(~ps_c, pk(node_sk(h(~ps_a.1)))) ) @ #vk.21 )
                          case c_aenc
                          by solve( !KU( ~ps_c ) @ #vk.27 )
                        qed
                      next
                        case split_case_2
                        solve( !KU( aenc(~ps_c, pk(node_sk(h(~ps_a.1)))) ) @ #vk.24 )
                          case c_aenc
                          by solve( !KU( ~ps_c ) @ #vk.33 )
                        qed
                      qed
                    next
                      case c_aenc
                      solve( !KU( aenc(~ps_c, pk(node_sk(h(~ps_a.1)))) ) @ #vk.21 )
                        case c_aenc
                        by solve( !KU( ~ps_c ) @ #vk.32 )
                      qed
                    qed
                  qed
                next
                  case c_sign
                  by solve( !KU( ~sk_alice.1 ) @ #vk.23 )
                qed
              qed
            next
              case split_case_2
              solve( !KU( sign(<'Charlie', h(ps_x_new), joiner>, ~sk_alice.1)
                     ) @ #vk.15 )
                case S4_Alice_invites_Charlie
                solve( splitEqs(6) )
                  case split_case_1
                  solve( !KU( node_sk(h(adec(cipher, node_sk(h(~ps_a))))) ) @ #vk.22 )
                    case c_node_sk
                    solve( !KU( aenc(<'Charlie', h(adec(cipher, node_sk(h(~ps_a)))), 
                                      h(<'ep3', h(adec(cipher, node_sk(h(~ps_a))))>)>,
                                     pk(~sk_c.2))
                           ) @ #vk.19 )
                      case S4_Alice_invites_Charlie
                      solve( splitEqs(8) )
                        case split_case_1
                        solve( !KU( aenc(~ps_c, pk(node_sk(h(~ps_a.2)))) ) @ #vk.21 )
                          case c_aenc
                          by solve( !KU( ~ps_c ) @ #vk.27 )
                        qed
                      next
                        case split_case_2
                        solve( !KU( aenc(~ps_c, pk(node_sk(h(~ps_a.2)))) ) @ #vk.24 )
                          case c_aenc
                          by solve( !KU( ~ps_c ) @ #vk.33 )
                        qed
                      qed
                    next
                      case c_aenc
                      solve( !KU( aenc(~ps_c, pk(node_sk(h(~ps_a.2)))) ) @ #vk.21 )
                        case c_aenc
                        by solve( !KU( ~ps_c ) @ #vk.32 )
                      qed
                    qed
                  qed
                next
                  case split_case_2
                  solve( !KU( aenc(<'Charlie', h(ps_x_new), h(<'ep3', h(ps_x_new)>)>,
                                   pk(~sk_c.2))
                         ) @ #vk.18 )
                    case S4_Alice_invites_Charlie
                    solve( splitEqs(8) )
                      case split_case_1
                      solve( !KU( node_sk(h(adec(cipher, node_sk(h(~ps_a))))) ) @ #vk.25 )
                        case c_node_sk
                        solve( !KU( aenc(~ps_c, pk(node_sk(h(~ps_a.2)))) ) @ #vk.24 )
                          case c_aenc
                          by solve( !KU( ~ps_c ) @ #vk.33 )
                        qed
                      qed
                    next
                      case split_case_2
                      solve( !KU( aenc(~ps_c, pk(node_sk(h(~ps_a.1)))) ) @ #vk.23 )
                        case c_aenc
                        by solve( !KU( ~ps_c ) @ #vk.32 )
                      qed
                    qed
                  next
                    case c_aenc
                    solve( !KU( aenc(~ps_c, pk(node_sk(h(~ps_a.1)))) ) @ #vk.20 )
                      case c_aenc
                      by solve( !KU( ~ps_c ) @ #vk.32 )
                    qed
                  qed
                qed
              next
                case c_sign
                by solve( !KU( ~sk_alice.1 ) @ #vk.21 )
              qed
            qed
          qed
        next
          case S5_Charlie_update
          solve( !KU( ~fs_msg ) @ #vk )
            case FS_Send_epoch_probe
            solve( splitEqs(3) )
              case split_case_1
              solve( !KU( node_sk(h(adec(cipher, node_sk(h(~ps_a))))) ) @ #vk.13 )
                case c_node_sk
                solve( !KU( sign(<'Charlie', h(adec(cipher, node_sk(h(~ps_a)))), joiner>,
                                 ~sk_alice.1)
                       ) @ #vk.13 )
                  case S4_Alice_invites_Charlie
                  solve( splitEqs(6) )
                    case split_case_1
                    solve( !KU( aenc(<'Charlie', h(adec(cipher, node_sk(h(~ps_a)))), 
                                      h(<'ep3', h(adec(cipher, node_sk(h(~ps_a))))>)>,
                                     pk(~sk_c.1))
                           ) @ #vk.13 )
                      case S4_Alice_invites_Charlie
                      solve( splitEqs(8) )
                        case split_case_1
                        solve( !KU( h(adec(cipher, node_sk(h(~ps_a)))) ) @ #vk.14 )
                          case Reveal_NodeState
                          by contradiction /* from formulas */
                        next
                          case S4_Alice_invites_Charlie
                          by solve( !KU( ~sk_c.1 ) @ #vk.19 )
                        next
                          case c_h
                          solve( !KU( adec(cipher, node_sk(h(~ps_a))) ) @ #vk.15 )
                            case c_adec
                            solve( !KU( node_sk(h(~ps_a)) ) @ #vk.16 )
                              case c_node_sk
                              solve( !KU( h(~ps_a) ) @ #vk.17 )
                                case Reveal_NodeState
                                solve( !KU( aenc(~ps_a, pk(node_sk(h(~ps_a.1)))) ) @ #vk.22 )
                                  case c_aenc
                                  by solve( !KU( ~ps_a ) @ #vk.24 )
                                qed
                              next
                                case S2_Alice_invites_Bob
                                by solve( !KU( ~sk_b ) @ #vk.18 )
                              next
                                case S4_Alice_invites_Charlie
                                by solve( !KU( ~sk_c.1 ) @ #vk.22 )
                              next
                                case c_h
                                by solve( !KU( ~ps_a ) @ #vk.18 )
                              qed
                            qed
                          qed
                        qed
                      next
                        case split_case_2
                        solve( !KU( h(adec(cipher, node_sk(h(~ps_a)))) ) @ #vk.17 )
                          case Reveal_NodeState
                          by contradiction /* from formulas */
                        next
                          case S4_Alice_invites_Charlie
                          by solve( !KU( ~sk_c.2 ) @ #vk.25 )
                        next
                          case c_h
                          solve( !KU( adec(cipher, node_sk(h(~ps_a))) ) @ #vk.21 )
                            case c_adec
                            solve( !KU( node_sk(h(~ps_a)) ) @ #vk.22 )
                              case c_node_sk
                              solve( !KU( aenc(adec(cipher, node_sk(h(~ps_a))),
                                               pk(node_sk(h(~ps_a.1))))
                                     ) @ #vk.21 )
                                case c_aenc
                                solve( !KU( h(~ps_a) ) @ #vk.23 )
                                  case Reveal_NodeState
                                  solve( !KU( pk(node_sk(h(~ps_a.1))) ) @ #vk.27 )
                                    case c_pk
                                    solve( !KU( node_sk(h(~ps_a.1)) ) @ #vk.31 )
                                      case c_node_sk
                                      solve( !KU( aenc(~ps_a, pk(node_sk(h(~ps_a.2)))) ) @ #vk.30 )
                                        case c_aenc
                                        by solve( !KU( ~ps_a ) @ #vk.33 )
                                      qed
                                    qed
                                  qed
                                next
                                  case S2_Alice_invites_Bob
                                  by solve( !KU( ~sk_b ) @ #vk.25 )
                                next
                                  case S4_Alice_invites_Charlie
                                  by solve( !KU( ~sk_c.2 ) @ #vk.29 )
                                next
                                  case c_h
                                  by solve( !KU( ~ps_a ) @ #vk.25 )
                                qed
                              qed
                            qed
                          qed
                        qed
                      qed
                    next
                      case c_aenc
                      solve( !KU( h(adec(cipher, node_sk(h(~ps_a)))) ) @ #vk.14 )
                        case Reveal_NodeState
                        by contradiction /* from formulas */
                      next
                        case S4_Alice_invites_Charlie
                        by solve( !KU( ~sk_c.2 ) @ #vk.24 )
                      next
                        case c_h
                        solve( !KU( adec(cipher, node_sk(h(~ps_a))) ) @ #vk.20 )
                          case c_adec
                          solve( !KU( node_sk(h(~ps_a)) ) @ #vk.21 )
                            case c_node_sk
                            solve( !KU( h(<'ep3', h(adec(cipher, node_sk(h(~ps_a))))>) ) @ #vk.21 )
                              case Reveal_NodeState
                              solve( !KU( h(~ps_a) ) @ #vk.25 )
                                case Reveal_NodeState
                                solve( !KU( aenc(<'ep3', h(adec(cipher, node_sk(h(~ps_a))))>,
                                                 pk(node_sk(h(~ps_a.1))))
                                       ) @ #vk.30 )
                                  case c_aenc
                                  solve( !KU( aenc(~ps_a, pk(node_sk(h(~ps_a.2)))) ) @ #vk.34 )
                                    case c_aenc
                                    by solve( !KU( ~ps_a ) @ #vk.38 )
                                  qed
                                qed
                              next
                                case S2_Alice_invites_Bob
                                by solve( !KU( ~sk_b ) @ #vk.29 )
                              next
                                case S4_Alice_invites_Charlie
                                by solve( !KU( ~sk_c.3 ) @ #vk.33 )
                              next
                                case c_h
                                by solve( !KU( ~ps_a ) @ #vk.29 )
                              qed
                            next
                              case S4_Alice_invites_Charlie_case_1
                              by solve( !KU( ~sk_c.2 ) @ #vk.27 )
                            next
                              case S4_Alice_invites_Charlie_case_2
                              by solve( !KU( ~sk_c.2 ) @ #vk.27 )
                            next
                              case c_h
                              solve( !KU( h(~ps_a) ) @ #vk.23 )
                                case Reveal_NodeState
                                solve( !KU( aenc(~ps_a, pk(node_sk(h(~ps_a.1)))) ) @ #vk.29 )
                                  case c_aenc
                                  by solve( !KU( ~ps_a ) @ #vk.31 )
                                qed
                              next
                                case S2_Alice_invites_Bob
                                by solve( !KU( ~sk_b ) @ #vk.25 )
                              next
                                case S4_Alice_invites_Charlie
                                by solve( !KU( ~sk_c.2 ) @ #vk.29 )
                              next
                                case c_h
                                by solve( !KU( ~ps_a ) @ #vk.25 )
                              qed
                            qed
                          qed
                        qed
                      qed
                    qed
                  next
                    case split_case_2
                    solve( !KU( aenc(<'Charlie', h(adec(cipher, node_sk(h(~ps_a)))), 
                                      h(<'ep3', h(adec(cipher, node_sk(h(~ps_a))))>)>,
                                     pk(~sk_c.2))
                           ) @ #vk.16 )
                      case S4_Alice_invites_Charlie
                      solve( splitEqs(8) )
                        case split_case_1
                        solve( !KU( h(adec(cipher, node_sk(h(~ps_a)))) ) @ #vk.17 )
                          case Reveal_NodeState
                          by contradiction /* from formulas */
                        next
                          case S4_Alice_invites_Charlie
                          by solve( !KU( ~sk_c.2 ) @ #vk.25 )
                        next
                          case c_h
                          solve( !KU( adec(cipher, node_sk(h(~ps_a))) ) @ #vk.21 )
                            case c_adec
                            solve( !KU( node_sk(h(~ps_a)) ) @ #vk.22 )
                              case c_node_sk
                              solve( !KU( aenc(adec(cipher, node_sk(h(~ps_a))),
                                               pk(node_sk(h(~ps_a.1))))
                                     ) @ #vk.21 )
                                case c_aenc
                                solve( !KU( h(~ps_a) ) @ #vk.23 )
                                  case Reveal_NodeState
                                  solve( !KU( pk(node_sk(h(~ps_a.1))) ) @ #vk.27 )
                                    case c_pk
                                    solve( !KU( node_sk(h(~ps_a.1)) ) @ #vk.31 )
                                      case c_node_sk
                                      solve( !KU( aenc(~ps_a, pk(node_sk(h(~ps_a.2)))) ) @ #vk.30 )
                                        case c_aenc
                                        by solve( !KU( ~ps_a ) @ #vk.33 )
                                      qed
                                    qed
                                  qed
                                next
                                  case S2_Alice_invites_Bob
                                  by solve( !KU( ~sk_b ) @ #vk.25 )
                                next
                                  case S4_Alice_invites_Charlie
                                  by solve( !KU( ~sk_c.2 ) @ #vk.29 )
                                next
                                  case c_h
                                  by solve( !KU( ~ps_a ) @ #vk.25 )
                                qed
                              qed
                            qed
                          qed
                        qed
                      next
                        case split_case_2
                        solve( !KU( h(adec(cipher, node_sk(h(~ps_a)))) ) @ #vk.20 )
                          case Reveal_NodeState
                          by contradiction /* from formulas */
                        next
                          case S4_Alice_invites_Charlie
                          by solve( !KU( ~sk_c.3 ) @ #vk.31 )
                        next
                          case c_h
                          solve( !KU( adec(cipher, node_sk(h(~ps_a))) ) @ #vk.27 )
                            case c_adec
                            solve( !KU( node_sk(h(~ps_a)) ) @ #vk.28 )
                              case c_node_sk
                              solve( !KU( aenc(adec(cipher, node_sk(h(~ps_a))),
                                               pk(node_sk(h(~ps_a.1))))
                                     ) @ #vk.24 )
                                case c_aenc
                                solve( !KU( aenc(adec(cipher, node_sk(h(~ps_a))),
                                                 pk(node_sk(h(~ps_a.2))))
                                       ) @ #vk.27 )
                                  case c_aenc
                                  solve( !KU( h(~ps_a) ) @ #vk.29 )
                                    case Reveal_NodeState
                                    solve( !KU( pk(node_sk(h(~ps_a.1))) ) @ #vk.33 )
                                      case c_pk
                                      solve( !KU( node_sk(h(~ps_a.1)) ) @ #vk.38 )
                                        case c_node_sk
                                        solve( !KU( pk(node_sk(h(~ps_a.2))) ) @ #vk.35 )
                                          case c_pk
                                          solve( !KU( node_sk(h(~ps_a.2)) ) @ #vk.40 )
                                            case c_node_sk
                                            solve( !KU( aenc(~ps_a, pk(node_sk(h(~ps_a.3)))) ) @ #vk.38 )
                                              case c_aenc
                                              by solve( !KU( ~ps_a ) @ #vk.42 )
                                            qed
                                          qed
                                        qed
                                      qed
                                    qed
                                  next
                                    case S2_Alice_invites_Bob
                                    by solve( !KU( ~sk_b ) @ #vk.32 )
                                  next
                                    case S4_Alice_invites_Charlie
                                    by solve( !KU( ~sk_c.3 ) @ #vk.36 )
                                  next
                                    case c_h
                                    by solve( !KU( ~ps_a ) @ #vk.32 )
                                  qed
                                qed
                              qed
                            qed
                          qed
                        qed
                      qed
                    next
                      case c_aenc
                      solve( !KU( h(adec(cipher, node_sk(h(~ps_a)))) ) @ #vk.17 )
                        case Reveal_NodeState
                        by contradiction /* from formulas */
                      next
                        case S4_Alice_invites_Charlie
                        by solve( !KU( ~sk_c.3 ) @ #vk.30 )
                      next
                        case c_h
                        solve( !KU( adec(cipher, node_sk(h(~ps_a))) ) @ #vk.26 )
                          case c_adec
                          solve( !KU( node_sk(h(~ps_a)) ) @ #vk.27 )
                            case c_node_sk
                            solve( !KU( aenc(adec(cipher, node_sk(h(~ps_a))),
                                             pk(node_sk(h(~ps_a.1))))
                                   ) @ #vk.23 )
                              case c_aenc
                              solve( !KU( h(<'ep3', h(adec(cipher, node_sk(h(~ps_a))))>) ) @ #vk.27 )
                                case Reveal_NodeState
                                solve( !KU( h(~ps_a) ) @ #vk.31 )
                                  case Reveal_NodeState
                                  solve( !KU( pk(node_sk(h(~ps_a.1))) ) @ #vk.35 )
                                    case c_pk
                                    solve( !KU( node_sk(h(~ps_a.1)) ) @ #vk.42 )
                                      case c_node_sk
                                      solve( !KU( aenc(<'ep3', h(adec(cipher, node_sk(h(~ps_a))))>,
                                                       pk(node_sk(h(~ps_a.2))))
                                             ) @ #vk.38 )
                                        case c_aenc
                                        solve( !KU( aenc(~ps_a, pk(node_sk(h(~ps_a.3)))) ) @ #vk.42 )
                                          case c_aenc
                                          by solve( !KU( ~ps_a ) @ #vk.47 )
                                        qed
                                      qed
                                    qed
                                  qed
                                next
                                  case S2_Alice_invites_Bob
                                  by solve( !KU( ~sk_b ) @ #vk.36 )
                                next
                                  case S4_Alice_invites_Charlie
                                  by solve( !KU( ~sk_c.4 ) @ #vk.40 )
                                next
                                  case c_h
                                  by solve( !KU( ~ps_a ) @ #vk.36 )
                                qed
                              next
                                case S4_Alice_invites_Charlie_case_1
                                by solve( !KU( ~sk_c.3 ) @ #vk.34 )
                              next
                                case S4_Alice_invites_Charlie_case_2
                                by solve( !KU( ~sk_c.3 ) @ #vk.34 )
                              next
                                case c_h
                                solve( !KU( h(~ps_a) ) @ #vk.29 )
                                  case Reveal_NodeState
                                  solve( !KU( pk(node_sk(h(~ps_a.1))) ) @ #vk.33 )
                                    case c_pk
                                    solve( !KU( node_sk(h(~ps_a.1)) ) @ #vk.38 )
                                      case c_node_sk
                                      solve( !KU( aenc(~ps_a, pk(node_sk(h(~ps_a.2)))) ) @ #vk.37 )
                                        case c_aenc
                                        by solve( !KU( ~ps_a ) @ #vk.40 )
                                      qed
                                    qed
                                  qed
                                next
                                  case S2_Alice_invites_Bob
                                  by solve( !KU( ~sk_b ) @ #vk.32 )
                                next
                                  case S4_Alice_invites_Charlie
                                  by solve( !KU( ~sk_c.3 ) @ #vk.36 )
                                next
                                  case c_h
                                  by solve( !KU( ~ps_a ) @ #vk.32 )
                                qed
                              qed
                            qed
                          qed
                        qed
                      qed
                    qed
                  qed
                next
                  case c_sign
                  by solve( !KU( ~sk_alice.1 ) @ #vk.17 )
                qed
              qed
            next
              case split_case_2
              solve( !KU( sign(<'Charlie', h(ps_x_new), joiner>, ~sk_alice.1)
                     ) @ #vk.12 )
                case S4_Alice_invites_Charlie
                solve( splitEqs(6) )
                  case split_case_1
                  solve( !KU( node_sk(h(adec(cipher, node_sk(h(~ps_a))))) ) @ #vk.16 )
                    case c_node_sk
                    solve( !KU( aenc(<'Charlie', h(adec(cipher, node_sk(h(~ps_a)))), 
                                      h(<'ep3', h(adec(cipher, node_sk(h(~ps_a))))>)>,
                                     pk(~sk_c.2))
                           ) @ #vk.16 )
                      case S4_Alice_invites_Charlie
                      solve( splitEqs(8) )
                        case split_case_1
                        solve( !KU( aenc(adec(cipher, node_sk(h(~ps_a))),
                                         pk(node_sk(h(~ps_a.1))))
                               ) @ #vk.12 )
                          case c_aenc
                          solve( !KU( adec(cipher, node_sk(h(~ps_a))) ) @ #vk.21 )
                            case c_adec
                            solve( !KU( node_sk(h(~ps_a)) ) @ #vk.23 )
                              case c_node_sk
                              solve( !KU( h(adec(cipher, node_sk(h(~ps_a)))) ) @ #vk.22 )
                                case Reveal_NodeState
                                by contradiction /* from formulas */
                              next
                                case S4_Alice_invites_Charlie
                                by solve( !KU( ~sk_c.2 ) @ #vk.29 )
                              next
                                case c_h
                                solve( !KU( pk(node_sk(h(~ps_a.1))) ) @ #vk.23 )
                                  case c_pk
                                  solve( !KU( node_sk(h(~ps_a.1)) ) @ #vk.25 )
                                    case c_node_sk
                                    solve( !KU( h(~ps_a) ) @ #vk.25 )
                                      case Reveal_NodeState
                                      solve( !KU( h(~ps_a.1) ) @ #vk.29 )
                                        case Reveal_NodeState
                                        solve( !KU( aenc(~ps_a, pk(node_sk(h(~ps_a.2)))) ) @ #vk.34 )
                                          case c_aenc
                                          by solve( !KU( ~ps_a ) @ #vk.39 )
                                        qed
                                      next
                                        case S2_Alice_invites_Bob
                                        by solve( !KU( ~sk_b ) @ #vk.33 )
                                      next
                                        case S4_Alice_invites_Charlie
                                        by solve( !KU( ~sk_c.3 ) @ #vk.37 )
                                      next
                                        case c_h
                                        by solve( !KU( ~ps_a.1 ) @ #vk.33 )
                                      qed
                                    next
                                      case S2_Alice_invites_Bob
                                      by solve( !KU( ~sk_b.1 ) @ #vk.27 )
                                    next
                                      case S4_Alice_invites_Charlie
                                      by solve( !KU( ~sk_c.2 ) @ #vk.31 )
                                    next
                                      case c_h
                                      by solve( !KU( ~ps_a ) @ #vk.27 )
                                    qed
                                  qed
                                qed
                              qed
                            qed
                          qed
                        qed
                      next
                        case split_case_2
                        solve( !KU( aenc(adec(cipher, node_sk(h(~ps_a))),
                                         pk(node_sk(h(~ps_a.1))))
                               ) @ #vk.14 )
                          case c_aenc
                          solve( !KU( adec(cipher, node_sk(h(~ps_a))) ) @ #vk.27 )
                            case c_adec
                            solve( !KU( node_sk(h(~ps_a)) ) @ #vk.29 )
                              case c_node_sk
                              solve( !KU( h(adec(cipher, node_sk(h(~ps_a)))) ) @ #vk.25 )
                                case Reveal_NodeState
                                by contradiction /* from formulas */
                              next
                                case S4_Alice_invites_Charlie
                                by solve( !KU( ~sk_c.3 ) @ #vk.35 )
                              next
                                case c_h
                                solve( !KU( aenc(adec(cipher, node_sk(h(~ps_a))),
                                                 pk(node_sk(h(~ps_a.2))))
                                       ) @ #vk.27 )
                                  case c_aenc
                                  solve( !KU( pk(node_sk(h(~ps_a.1))) ) @ #vk.29 )
                                    case c_pk
                                    solve( !KU( node_sk(h(~ps_a.1)) ) @ #vk.32 )
                                      case c_node_sk
                                      solve( !KU( h(~ps_a) ) @ #vk.31 )
                                        case Reveal_NodeState
                                        solve( !KU( pk(node_sk(h(~ps_a.2))) ) @ #vk.35 )
                                          case c_pk
                                          solve( !KU( node_sk(h(~ps_a.2)) ) @ #vk.40 )
                                            case c_node_sk
                                            solve( !KU( h(~ps_a.1) ) @ #vk.37 )
                                              case Reveal_NodeState
                                              solve( !KU( aenc(~ps_a, pk(node_sk(h(~ps_a.3)))) ) @ #vk.42 )
                                                case c_aenc
                                                by solve( !KU( ~ps_a ) @ #vk.48 )
                                              qed
                                            next
                                              case S2_Alice_invites_Bob
                                              by solve( !KU( ~sk_b ) @ #vk.42 )
                                            next
                                              case S4_Alice_invites_Charlie
                                              by solve( !KU( ~sk_c.4 ) @ #vk.46 )
                                            next
                                              case c_h
                                              by solve( !KU( ~ps_a.1 ) @ #vk.42 )
                                            qed
                                          qed
                                        qed
                                      next
                                        case S2_Alice_invites_Bob
                                        by solve( !KU( ~sk_b.1 ) @ #vk.34 )
                                      next
                                        case S4_Alice_invites_Charlie
                                        by solve( !KU( ~sk_c.3 ) @ #vk.38 )
                                      next
                                        case c_h
                                        by solve( !KU( ~ps_a ) @ #vk.34 )
                                      qed
                                    qed
                                  qed
                                qed
                              qed
                            qed
                          qed
                        qed
                      qed
                    next
                      case c_aenc
                      solve( !KU( aenc(adec(cipher, node_sk(h(~ps_a))),
                                       pk(node_sk(h(~ps_a.1))))
                             ) @ #vk.12 )
                        case c_aenc
                        solve( !KU( adec(cipher, node_sk(h(~ps_a))) ) @ #vk.26 )
                          case c_adec
                          solve( !KU( node_sk(h(~ps_a)) ) @ #vk.28 )
                            case c_node_sk
                            solve( !KU( h(adec(cipher, node_sk(h(~ps_a)))) ) @ #vk.22 )
                              case Reveal_NodeState
                              by contradiction /* from formulas */
                            next
                              case S4_Alice_invites_Charlie
                              by solve( !KU( ~sk_c.3 ) @ #vk.34 )
                            next
                              case c_h
                              solve( !KU( h(<'ep3', h(adec(cipher, node_sk(h(~ps_a))))>) ) @ #vk.27 )
                                case Reveal_NodeState
                                solve( !KU( pk(node_sk(h(~ps_a.1))) ) @ #vk.31 )
                                  case c_pk
                                  solve( !KU( node_sk(h(~ps_a.1)) ) @ #vk.36 )
                                    case c_node_sk
                                    solve( !KU( h(~ps_a) ) @ #vk.33 )
                                      case Reveal_NodeState
                                      solve( !KU( aenc(<'ep3', h(adec(cipher, node_sk(h(~ps_a))))>,
                                                       pk(node_sk(h(~ps_a.2))))
                                             ) @ #vk.38 )
                                        case c_aenc
                                        solve( !KU( h(~ps_a.1) ) @ #vk.41 )
                                          case Reveal_NodeState
                                          solve( !KU( aenc(~ps_a, pk(node_sk(h(~ps_a.3)))) ) @ #vk.46 )
                                            case c_aenc
                                            by solve( !KU( ~ps_a ) @ #vk.53 )
                                          qed
                                        next
                                          case S2_Alice_invites_Bob
                                          by solve( !KU( ~sk_b ) @ #vk.47 )
                                        next
                                          case S4_Alice_invites_Charlie
                                          by solve( !KU( ~sk_c.5 ) @ #vk.51 )
                                        next
                                          case c_h
                                          by solve( !KU( ~ps_a.1 ) @ #vk.47 )
                                        qed
                                      qed
                                    next
                                      case S2_Alice_invites_Bob
                                      by solve( !KU( ~sk_b.1 ) @ #vk.38 )
                                    next
                                      case S4_Alice_invites_Charlie
                                      by solve( !KU( ~sk_c.4 ) @ #vk.42 )
                                    next
                                      case c_h
                                      by solve( !KU( ~ps_a ) @ #vk.38 )
                                    qed
                                  qed
                                qed
                              next
                                case S4_Alice_invites_Charlie_case_1
                                by solve( !KU( ~sk_c.3 ) @ #vk.34 )
                              next
                                case S4_Alice_invites_Charlie_case_2
                                by solve( !KU( ~sk_c.3 ) @ #vk.34 )
                              next
                                case c_h
                                solve( !KU( pk(node_sk(h(~ps_a.1))) ) @ #vk.29 )
                                  case c_pk
                                  solve( !KU( node_sk(h(~ps_a.1)) ) @ #vk.32 )
                                    case c_node_sk
                                    solve( !KU( h(~ps_a) ) @ #vk.31 )
                                      case Reveal_NodeState
                                      solve( !KU( h(~ps_a.1) ) @ #vk.36 )
                                        case Reveal_NodeState
                                        solve( !KU( aenc(~ps_a, pk(node_sk(h(~ps_a.2)))) ) @ #vk.41 )
                                          case c_aenc
                                          by solve( !KU( ~ps_a ) @ #vk.46 )
                                        qed
                                      next
                                        case S2_Alice_invites_Bob
                                        by solve( !KU( ~sk_b ) @ #vk.40 )
                                      next
                                        case S4_Alice_invites_Charlie
                                        by solve( !KU( ~sk_c.4 ) @ #vk.44 )
                                      next
                                        case c_h
                                        by solve( !KU( ~ps_a.1 ) @ #vk.40 )
                                      qed
                                    next
                                      case S2_Alice_invites_Bob
                                      by solve( !KU( ~sk_b.1 ) @ #vk.34 )
                                    next
                                      case S4_Alice_invites_Charlie
                                      by solve( !KU( ~sk_c.3 ) @ #vk.38 )
                                    next
                                      case c_h
                                      by solve( !KU( ~ps_a ) @ #vk.34 )
                                    qed
                                  qed
                                qed
                              qed
                            qed
                          qed
                        qed
                      qed
                    qed
                  qed
                next
                  case split_case_2
                  solve( !KU( aenc(<'Charlie', h(ps_x_new), h(<'ep3', h(ps_x_new)>)>,
                                   pk(~sk_c.2))
                         ) @ #vk.15 )
                    case S4_Alice_invites_Charlie
                    solve( splitEqs(8) )
                      case split_case_1
                      solve( !KU( node_sk(h(adec(cipher, node_sk(h(~ps_a))))) ) @ #vk.19 )
                        case c_node_sk
                        solve( !KU( aenc(adec(cipher, node_sk(h(~ps_a))),
                                         pk(node_sk(h(~ps_a.1))))
                               ) @ #vk.14 )
                          case c_aenc
                          solve( !KU( adec(cipher, node_sk(h(~ps_a))) ) @ #vk.27 )
                            case c_adec
                            solve( !KU( node_sk(h(~ps_a)) ) @ #vk.29 )
                              case c_node_sk
                              solve( !KU( aenc(adec(cipher, node_sk(h(~ps_a))),
                                               pk(node_sk(h(~ps_a.2))))
                                     ) @ #vk.23 )
                                case c_aenc
                                solve( !KU( h(adec(cipher, node_sk(h(~ps_a)))) ) @ #vk.28 )
                                  case Reveal_NodeState
                                  by contradiction /* from formulas */
                                next
                                  case S4_Alice_invites_Charlie
                                  by solve( !KU( ~sk_c.3 ) @ #vk.36 )
                                next
                                  case c_h
                                  solve( !KU( pk(node_sk(h(~ps_a.1))) ) @ #vk.29 )
                                    case c_pk
                                    solve( !KU( node_sk(h(~ps_a.1)) ) @ #vk.32 )
                                      case c_node_sk
                                      solve( !KU( h(~ps_a) ) @ #vk.31 )
                                        case Reveal_NodeState
                                        solve( !KU( pk(node_sk(h(~ps_a.2))) ) @ #vk.35 )
                                          case c_pk
                                          solve( !KU( node_sk(h(~ps_a.2)) ) @ #vk.40 )
                                            case c_node_sk
                                            solve( !KU( h(~ps_a.1) ) @ #vk.37 )
                                              case Reveal_NodeState
                                              solve( !KU( aenc(~ps_a, pk(node_sk(h(~ps_a.3)))) ) @ #vk.42 )
                                                case c_aenc
                                                by solve( !KU( ~ps_a ) @ #vk.48 )
                                              qed
                                            next
                                              case S2_Alice_invites_Bob
                                              by solve( !KU( ~sk_b ) @ #vk.42 )
                                            next
                                              case S4_Alice_invites_Charlie
                                              by solve( !KU( ~sk_c.4 ) @ #vk.46 )
                                            next
                                              case c_h
                                              by solve( !KU( ~ps_a.1 ) @ #vk.42 )
                                            qed
                                          qed
                                        qed
                                      next
                                        case S2_Alice_invites_Bob
                                        by solve( !KU( ~sk_b.2 ) @ #vk.34 )
                                      next
                                        case S4_Alice_invites_Charlie
                                        by solve( !KU( ~sk_c.3 ) @ #vk.38 )
                                      next
                                        case c_h
                                        by solve( !KU( ~ps_a ) @ #vk.34 )
                                      qed
                                    qed
                                  qed
                                qed
                              qed
                            qed
                          qed
                        qed
                      qed
                    next
                      case split_case_2
                      solve( !KU( aenc(ps_x_new, pk(node_sk(h(~ps_a)))) ) @ #vk.13 )
                        case FS_Send_epoch_probe
                        solve( !KU( node_sk(h(~fs_msg.1)) ) @ #vk.22 )
                          case c_node_sk
                          solve( !KU( aenc(~fs_msg.1, pk(node_sk(h(~ps_a.1)))) ) @ #vk.24 )
                            case FS_Send_epoch_probe
                            solve( !KU( aenc(~fs_msg.1, pk(node_sk(h(~ps_a.1)))) ) @ #vk.21 )
                              case FS_Send_epoch_probe
                              solve( !KU( aenc(~ps_a, pk(node_sk(h(~ps_a.1)))) ) @ #vk.18 )
                                case c_aenc
                                by solve( !KU( ~ps_a ) @ #vk.21 )
                              qed
                            next
                              case c_aenc
                              solve( !KU( ~fs_msg.1 ) @ #vk.27 )
                                case FS_Send_epoch_probe
                                solve( !KU( node_sk(h(~ps_a)) ) @ #vk.29 )
                                  case c_node_sk
                                  solve( !KU( aenc(~ps_a, pk(node_sk(h(~ps_a.2)))) ) @ #vk.26 )
                                    case c_aenc
                                    by solve( !KU( ~ps_a ) @ #vk.31 )
                                  qed
                                qed
                              qed
                            qed
                          next
                            case c_aenc
                            solve( !KU( ~fs_msg.1 ) @ #vk.33 )
                              case FS_Send_epoch_probe
                              solve( !KU( node_sk(h(~ps_a)) ) @ #vk.35 )
                                case c_node_sk
                                solve( !KU( aenc(~fs_msg.1, pk(node_sk(h(~ps_a.2)))) ) @ #vk.29 )
                                  case FS_Send_epoch_probe
                                  solve( !KU( aenc(~ps_a, pk(node_sk(h(~ps_a.2)))) ) @ #vk.26 )
                                    case c_aenc
                                    by solve( !KU( ~ps_a ) @ #vk.31 )
                                  qed
                                next
                                  case c_aenc
                                  solve( !KU( aenc(~ps_a, pk(node_sk(h(~ps_a.3)))) ) @ #vk.32 )
                                    case c_aenc
                                    by solve( !KU( ~ps_a ) @ #vk.38 )
                                  qed
                                qed
                              qed
                            qed
                          qed
                        qed
                      next
                        case S3_Bob_update
                        solve( !KU( node_sk(h(h(~ps_b))) ) @ #vk.19 )
                          case c_node_sk
                          solve( !KU( sign(<'Bob', h(~ps_a), joiner>, ~sk_alice.3) ) @ #vk.28 )
                            case S2_Alice_invites_Bob
                            solve( !KU( aenc(h(~ps_b), pk(node_sk(h(~ps_a.1)))) ) @ #vk.22 )
                              case S3_Bob_update
                              solve( !KU( aenc(h(~ps_b), pk(node_sk(h(~ps_a.1)))) ) @ #vk.20 )
                                case S3_Bob_update
                                solve( !KU( aenc(<'Bob', h(~ps_a), h(<~epoch0, h(h(~ps_a))>)>,
                                                 pk(~sk_b.1))
                                       ) @ #vk.16 )
                                  case S2_Alice_invites_Bob
                                  solve( !KU( h(h(~ps_b)) ) @ #vk.17 )
                                    case Reveal_NodeState
                                    by contradiction /* from formulas */
                                  next
                                    case S4_Alice_invites_Charlie
                                    by solve( !KU( ~sk_c.1 ) @ #vk.22 )
                                  next
                                    case c_h
                                    solve( !KU( h(~ps_b) ) @ #vk.18 )
                                      case Reveal_NodeState
                                      solve( !KU( aenc(~ps_b, pk(node_sk(h(~ps_a.1)))) ) @ #vk.23 )
                                        case c_aenc
                                        by solve( !KU( ~ps_b ) @ #vk.25 )
                                      qed
                                    next
                                      case S3_Bob_update
                                      solve( !KU( node_sk(h(~ps_a)) ) @ #vk.19 )
                                        case c_node_sk
                                        solve( !KU( h(~ps_a) ) @ #vk.20 )
                                          case Reveal_NodeState
                                          solve( !KU( aenc(~ps_a, pk(node_sk(h(~ps_a.1)))) ) @ #vk.25 )
                                            case c_aenc
                                            by solve( !KU( ~ps_a ) @ #vk.27 )
                                          qed
                                        next
                                          case S2_Alice_invites_Bob
                                          by solve( !KU( ~sk_b ) @ #vk.21 )
                                        next
                                          case S4_Alice_invites_Charlie
                                          by solve( !KU( ~sk_c.1 ) @ #vk.25 )
                                        next
                                          case c_h
                                          by solve( !KU( ~ps_a ) @ #vk.21 )
                                        qed
                                      qed
                                    next
                                      case S4_Alice_invites_Charlie
                                      by solve( !KU( ~sk_c.1 ) @ #vk.23 )
                                    next
                                      case c_h
                                      by solve( !KU( ~ps_b ) @ #vk.19 )
                                    qed
                                  qed
                                next
                                  case c_aenc
                                  solve( !KU( h(h(~ps_b)) ) @ #vk.17 )
                                    case Reveal_NodeState
                                    by contradiction /* from formulas */
                                  next
                                    case S4_Alice_invites_Charlie
                                    by solve( !KU( ~sk_c.1 ) @ #vk.28 )
                                  next
                                    case c_h
                                    solve( !KU( h(~ps_a) ) @ #vk.22 )
                                      case Reveal_NodeState
                                      solve( !KU( h(<~epoch0, h(h(~ps_a))>) ) @ #vk.26 )
                                        case Reveal_NodeState
                                        solve( !KU( h(~ps_b) ) @ #vk.30 )
                                          case Reveal_NodeState
                                          solve( !KU( aenc(~ps_a, pk(node_sk(h(~ps_a.1)))) ) @ #vk.35 )
                                            case c_aenc
                                            by solve( !KU( ~ps_a ) @ #vk.43 )
                                          qed
                                        next
                                          case S3_Bob_update
                                          solve( !KU( node_sk(h(~ps_a)) ) @ #vk.37 )
                                            case c_node_sk
                                            solve( !KU( aenc(~ps_a, pk(node_sk(h(~ps_a.1)))) ) @ #vk.33 )
                                              case c_aenc
                                              by solve( !KU( ~ps_a ) @ #vk.38 )
                                            qed
                                          qed
                                        next
                                          case S4_Alice_invites_Charlie
                                          by solve( !KU( ~sk_c.3 ) @ #vk.41 )
                                        next
                                          case c_h
                                          by solve( !KU( ~ps_b ) @ #vk.37 )
                                        qed
                                      next
                                        case S2_Alice_invites_Bob
                                        by solve( !KU( ~sk_b ) @ #vk.31 )
                                      next
                                        case S4_Alice_invites_Charlie
                                        by solve( !KU( ~sk_c.2 ) @ #vk.35 )
                                      next
                                        case c_h
                                        by solve( !KU( ~epoch0 ) @ #vk.32 )
                                      qed
                                    next
                                      case S2_Alice_invites_Bob
                                      by solve( !KU( ~sk_b ) @ #vk.25 )
                                    next
                                      case S4_Alice_invites_Charlie
                                      by solve( !KU( ~sk_c.1 ) @ #vk.29 )
                                    next
                                      case c_h
                                      by solve( !KU( ~ps_a ) @ #vk.25 )
                                    qed
                                  qed
                                qed
                              next
                                case c_aenc
                                solve( !KU( aenc(<'Bob', h(~ps_a), h(<~epoch0, h(h(~ps_a))>)>,
                                                 pk(~sk_b.2))
                                       ) @ #vk.22 )
                                  case S2_Alice_invites_Bob
                                  solve( !KU( h(h(~ps_b)) ) @ #vk.23 )
                                    case Reveal_NodeState
                                    by contradiction /* from formulas */
                                  next
                                    case S4_Alice_invites_Charlie
                                    by solve( !KU( ~sk_c.2 ) @ #vk.30 )
                                  next
                                    case c_h
                                    solve( !KU( h(~ps_b) ) @ #vk.24 )
                                      case Reveal_NodeState
                                      solve( !KU( pk(node_sk(h(~ps_a.1))) ) @ #vk.28 )
                                        case c_pk
                                        solve( !KU( node_sk(h(~ps_a.1)) ) @ #vk.32 )
                                          case c_node_sk
                                          solve( !KU( aenc(~ps_b, pk(node_sk(h(~ps_a.2)))) ) @ #vk.31 )
                                            case c_aenc
                                            by solve( !KU( ~ps_b ) @ #vk.34 )
                                          qed
                                        qed
                                      qed
                                    next
                                      case S3_Bob_update
                                      solve( !KU( node_sk(h(~ps_a)) ) @ #vk.26 )
                                        case c_node_sk
                                        solve( !KU( pk(node_sk(h(~ps_a.1))) ) @ #vk.26 )
                                          case c_pk
                                          solve( !KU( node_sk(h(~ps_a.1)) ) @ #vk.28 )
                                            case c_node_sk
                                            solve( !KU( h(~ps_a) ) @ #vk.28 )
                                              case Reveal_NodeState
                                              solve( !KU( h(~ps_a.1) ) @ #vk.32 )
                                                case Reveal_NodeState
                                                solve( !KU( aenc(~ps_a, pk(node_sk(h(~ps_a.2)))) ) @ #vk.37 )
                                                  case c_aenc
                                                  by solve( !KU( ~ps_a ) @ #vk.42 )
                                                qed
                                              next
                                                case S2_Alice_invites_Bob
                                                by solve( !KU( ~sk_b.1 ) @ #vk.36 )
                                              next
                                                case S4_Alice_invites_Charlie
                                                by solve( !KU( ~sk_c.3 ) @ #vk.40 )
                                              next
                                                case c_h
                                                by solve( !KU( ~ps_a.1 ) @ #vk.36 )
                                              qed
                                            next
                                              case S2_Alice_invites_Bob
                                              by solve( !KU( ~sk_b ) @ #vk.30 )
                                            next
                                              case S4_Alice_invites_Charlie
                                              by solve( !KU( ~sk_c.2 ) @ #vk.34 )
                                            next
                                              case c_h
                                              by solve( !KU( ~ps_a ) @ #vk.30 )
                                            qed
                                          qed
                                        qed
                                      qed
                                    next
                                      case S4_Alice_invites_Charlie
                                      by solve( !KU( ~sk_c.2 ) @ #vk.30 )
                                    next
                                      case c_h
                                      by solve( !KU( ~ps_b ) @ #vk.26 )
                                    qed
                                  qed
                                next
                                  case c_aenc
                                  solve( !KU( h(h(~ps_b)) ) @ #vk.23 )
                                    case Reveal_NodeState
                                    by contradiction /* from formulas */
                                  next
                                    case S4_Alice_invites_Charlie
                                    by solve( !KU( ~sk_c.2 ) @ #vk.36 )
                                  next
                                    case c_h
                                    solve( !KU( h(~ps_b) ) @ #vk.24 )
                                      case Reveal_NodeState
                                      solve( !KU( pk(node_sk(h(~ps_a.1))) ) @ #vk.28 )
                                        case c_pk
                                        solve( !KU( node_sk(h(~ps_a.1)) ) @ #vk.38 )
                                          case c_node_sk
                                          solve( !KU( h(~ps_a) ) @ #vk.34 )
                                            case Reveal_NodeState
                                            solve( !KU( h(<~epoch0, h(h(~ps_a))>) ) @ #vk.38 )
                                              case Reveal_NodeState
                                              solve( !KU( aenc(~ps_b, pk(node_sk(h(~ps_a.2)))) ) @ #vk.43 )
                                                case c_aenc
                                                by solve( !KU( ~ps_b ) @ #vk.52 )
                                              qed
                                            next
                                              case S2_Alice_invites_Bob
                                              by solve( !KU( ~sk_b ) @ #vk.46 )
                                            next
                                              case S4_Alice_invites_Charlie
                                              by solve( !KU( ~sk_c.4 ) @ #vk.50 )
                                            next
                                              case c_h
                                              by solve( !KU( ~epoch0 ) @ #vk.47 )
                                            qed
                                          next
                                            case S2_Alice_invites_Bob
                                            by solve( !KU( ~sk_b ) @ #vk.40 )
                                          next
                                            case S4_Alice_invites_Charlie
                                            by solve( !KU( ~sk_c.3 ) @ #vk.44 )
                                          next
                                            case c_h
                                            by solve( !KU( ~ps_a ) @ #vk.40 )
                                          qed
                                        qed
                                      qed
                                    next
                                      case S3_Bob_update
                                      solve( !KU( node_sk(h(~ps_a)) ) @ #vk.32 )
                                        case c_node_sk
                                        solve( !KU( pk(node_sk(h(~ps_a.1))) ) @ #vk.26 )
                                          case c_pk
                                          solve( !KU( node_sk(h(~ps_a.1)) ) @ #vk.33 )
                                            case c_node_sk
                                            solve( !KU( h(~ps_a) ) @ #vk.32 )
                                              case Reveal_NodeState
                                              solve( !KU( h(<~epoch0, h(h(~ps_a))>) ) @ #vk.36 )
                                                case Reveal_NodeState
                                                solve( !KU( h(~ps_a.1) ) @ #vk.40 )
                                                  case Reveal_NodeState
                                                  solve( !KU( aenc(~ps_a, pk(node_sk(h(~ps_a.2))))
                                                         ) @ #vk.45 )
                                                    case c_aenc
                                                    by solve( !KU( ~ps_a ) @ #vk.53 )
                                                  qed
                                                next
                                                  case S2_Alice_invites_Bob
                                                  by solve( !KU( ~sk_b.2 ) @ #vk.47 )
                                                next
                                                  case S4_Alice_invites_Charlie
                                                  by solve( !KU( ~sk_c.4 ) @ #vk.51 )
                                                next
                                                  case c_h
                                                  by solve( !KU( ~ps_a.1 ) @ #vk.47 )
                                                qed
                                              next
                                                case S2_Alice_invites_Bob
                                                by solve( !KU( ~sk_b ) @ #vk.41 )
                                              next
                                                case S4_Alice_invites_Charlie
                                                by solve( !KU( ~sk_c.3 ) @ #vk.45 )
                                              next
                                                case c_h
                                                by solve( !KU( ~epoch0 ) @ #vk.42 )
                                              qed
                                            next
                                              case S2_Alice_invites_Bob
                                              by solve( !KU( ~sk_b ) @ #vk.35 )
                                            next
                                              case S4_Alice_invites_Charlie
                                              by solve( !KU( ~sk_c.2 ) @ #vk.39 )
                                            next
                                              case c_h
                                              by solve( !KU( ~ps_a ) @ #vk.35 )
                                            qed
                                          qed
                                        qed
                                      qed
                                    next
                                      case S4_Alice_invites_Charlie
                                      by solve( !KU( ~sk_c.2 ) @ #vk.36 )
                                    next
                                      case c_h
                                      by solve( !KU( ~ps_b ) @ #vk.32 )
                                    qed
                                  qed
                                qed
                              qed
                            next
                              case c_aenc
                              solve( !KU( aenc(h(~ps_b), pk(node_sk(h(~ps_a.2)))) ) @ #vk.26 )
                                case S3_Bob_update
                                solve( !KU( aenc(<'Bob', h(~ps_a), h(<~epoch0, h(h(~ps_a))>)>,
                                                 pk(~sk_b.2))
                                       ) @ #vk.22 )
                                  case S2_Alice_invites_Bob
                                  solve( !KU( h(h(~ps_b)) ) @ #vk.23 )
                                    case Reveal_NodeState
                                    by contradiction /* from formulas */
                                  next
                                    case S4_Alice_invites_Charlie
                                    by solve( !KU( ~sk_c.2 ) @ #vk.30 )
                                  next
                                    case c_h
                                    solve( !KU( h(~ps_b) ) @ #vk.24 )
                                      case Reveal_NodeState
                                      solve( !KU( pk(node_sk(h(~ps_a.1))) ) @ #vk.28 )
                                        case c_pk
                                        solve( !KU( node_sk(h(~ps_a.1)) ) @ #vk.32 )
                                          case c_node_sk
                                          solve( !KU( aenc(~ps_b, pk(node_sk(h(~ps_a.2)))) ) @ #vk.31 )
                                            case c_aenc
                                            by solve( !KU( ~ps_b ) @ #vk.34 )
                                          qed
                                        qed
                                      qed
                                    next
                                      case S3_Bob_update
                                      solve( !KU( node_sk(h(~ps_a)) ) @ #vk.26 )
                                        case c_node_sk
                                        solve( !KU( pk(node_sk(h(~ps_a.1))) ) @ #vk.26 )
                                          case c_pk
                                          solve( !KU( node_sk(h(~ps_a.1)) ) @ #vk.28 )
                                            case c_node_sk
                                            solve( !KU( h(~ps_a) ) @ #vk.28 )
                                              case Reveal_NodeState
                                              solve( !KU( h(~ps_a.1) ) @ #vk.32 )
                                                case Reveal_NodeState
                                                solve( !KU( aenc(~ps_a, pk(node_sk(h(~ps_a.2)))) ) @ #vk.37 )
                                                  case c_aenc
                                                  by solve( !KU( ~ps_a ) @ #vk.42 )
                                                qed
                                              next
                                                case S2_Alice_invites_Bob
                                                by solve( !KU( ~sk_b.1 ) @ #vk.36 )
                                              next
                                                case S4_Alice_invites_Charlie
                                                by solve( !KU( ~sk_c.3 ) @ #vk.40 )
                                              next
                                                case c_h
                                                by solve( !KU( ~ps_a.1 ) @ #vk.36 )
                                              qed
                                            next
                                              case S2_Alice_invites_Bob
                                              by solve( !KU( ~sk_b ) @ #vk.30 )
                                            next
                                              case S4_Alice_invites_Charlie
                                              by solve( !KU( ~sk_c.2 ) @ #vk.34 )
                                            next
                                              case c_h
                                              by solve( !KU( ~ps_a ) @ #vk.30 )
                                            qed
                                          qed
                                        qed
                                      qed
                                    next
                                      case S4_Alice_invites_Charlie
                                      by solve( !KU( ~sk_c.2 ) @ #vk.30 )
                                    next
                                      case c_h
                                      by solve( !KU( ~ps_b ) @ #vk.26 )
                                    qed
                                  qed
                                next
                                  case c_aenc
                                  solve( !KU( h(h(~ps_b)) ) @ #vk.23 )
                                    case Reveal_NodeState
                                    by contradiction /* from formulas */
                                  next
                                    case S4_Alice_invites_Charlie
                                    by solve( !KU( ~sk_c.2 ) @ #vk.36 )
                                  next
                                    case c_h
                                    solve( !KU( h(~ps_b) ) @ #vk.24 )
                                      case Reveal_NodeState
                                      solve( !KU( pk(node_sk(h(~ps_a.1))) ) @ #vk.28 )
                                        case c_pk
                                        solve( !KU( node_sk(h(~ps_a.1)) ) @ #vk.38 )
                                          case c_node_sk
                                          solve( !KU( h(~ps_a) ) @ #vk.34 )
                                            case Reveal_NodeState
                                            solve( !KU( h(<~epoch0, h(h(~ps_a))>) ) @ #vk.38 )
                                              case Reveal_NodeState
                                              solve( !KU( aenc(~ps_b, pk(node_sk(h(~ps_a.2)))) ) @ #vk.43 )
                                                case c_aenc
                                                by solve( !KU( ~ps_b ) @ #vk.52 )
                                              qed
                                            next
                                              case S2_Alice_invites_Bob
                                              by solve( !KU( ~sk_b ) @ #vk.46 )
                                            next
                                              case S4_Alice_invites_Charlie
                                              by solve( !KU( ~sk_c.4 ) @ #vk.50 )
                                            next
                                              case c_h
                                              by solve( !KU( ~epoch0 ) @ #vk.47 )
                                            qed
                                          next
                                            case S2_Alice_invites_Bob
                                            by solve( !KU( ~sk_b ) @ #vk.40 )
                                          next
                                            case S4_Alice_invites_Charlie
                                            by solve( !KU( ~sk_c.3 ) @ #vk.44 )
                                          next
                                            case c_h
                                            by solve( !KU( ~ps_a ) @ #vk.40 )
                                          qed
                                        qed
                                      qed
                                    next
                                      case S3_Bob_update
                                      solve( !KU( node_sk(h(~ps_a)) ) @ #vk.32 )
                                        case c_node_sk
                                        solve( !KU( pk(node_sk(h(~ps_a.1))) ) @ #vk.26 )
                                          case c_pk
                                          solve( !KU( node_sk(h(~ps_a.1)) ) @ #vk.33 )
                                            case c_node_sk
                                            solve( !KU( h(~ps_a) ) @ #vk.32 )
                                              case Reveal_NodeState
                                              solve( !KU( h(<~epoch0, h(h(~ps_a))>) ) @ #vk.36 )
                                                case Reveal_NodeState
                                                solve( !KU( h(~ps_a.1) ) @ #vk.40 )
                                                  case Reveal_NodeState
                                                  solve( !KU( aenc(~ps_a, pk(node_sk(h(~ps_a.2))))
                                                         ) @ #vk.45 )
                                                    case c_aenc
                                                    by solve( !KU( ~ps_a ) @ #vk.53 )
                                                  qed
                                                next
                                                  case S2_Alice_invites_Bob
                                                  by solve( !KU( ~sk_b.2 ) @ #vk.47 )
                                                next
                                                  case S4_Alice_invites_Charlie
                                                  by solve( !KU( ~sk_c.4 ) @ #vk.51 )
                                                next
                                                  case c_h
                                                  by solve( !KU( ~ps_a.1 ) @ #vk.47 )
                                                qed
                                              next
                                                case S2_Alice_invites_Bob
                                                by solve( !KU( ~sk_b ) @ #vk.41 )
                                              next
                                                case S4_Alice_invites_Charlie
                                                by solve( !KU( ~sk_c.3 ) @ #vk.45 )
                                              next
                                                case c_h
                                                by solve( !KU( ~epoch0 ) @ #vk.42 )
                                              qed
                                            next
                                              case S2_Alice_invites_Bob
                                              by solve( !KU( ~sk_b ) @ #vk.35 )
                                            next
                                              case S4_Alice_invites_Charlie
                                              by solve( !KU( ~sk_c.2 ) @ #vk.39 )
                                            next
                                              case c_h
                                              by solve( !KU( ~ps_a ) @ #vk.35 )
                                            qed
                                          qed
                                        qed
                                      qed
                                    next
                                      case S4_Alice_invites_Charlie
                                      by solve( !KU( ~sk_c.2 ) @ #vk.36 )
                                    next
                                      case c_h
                                      by solve( !KU( ~ps_b ) @ #vk.32 )
                                    qed
                                  qed
                                qed
                              next
                                case c_aenc
                                solve( !KU( aenc(<'Bob', h(~ps_a), h(<~epoch0, h(h(~ps_a))>)>,
                                                 pk(~sk_b.3))
                                       ) @ #vk.28 )
                                  case S2_Alice_invites_Bob
                                  solve( !KU( h(h(~ps_b)) ) @ #vk.29 )
                                    case Reveal_NodeState
                                    by contradiction /* from formulas */
                                  next
                                    case S4_Alice_invites_Charlie
                                    by solve( !KU( ~sk_c.3 ) @ #vk.37 )
                                  next
                                    case c_h
                                    solve( !KU( h(~ps_b) ) @ #vk.30 )
                                      case Reveal_NodeState
                                      solve( !KU( pk(node_sk(h(~ps_a.1))) ) @ #vk.34 )
                                        case c_pk
                                        solve( !KU( node_sk(h(~ps_a.1)) ) @ #vk.39 )
                                          case c_node_sk
                                          solve( !KU( pk(node_sk(h(~ps_a.2))) ) @ #vk.36 )
                                            case c_pk
                                            solve( !KU( node_sk(h(~ps_a.2)) ) @ #vk.41 )
                                              case c_node_sk
                                              solve( !KU( aenc(~ps_b, pk(node_sk(h(~ps_a.3)))) ) @ #vk.39 )
                                                case c_aenc
                                                by solve( !KU( ~ps_b ) @ #vk.43 )
                                              qed
                                            qed
                                          qed
                                        qed
                                      qed
                                    next
                                      case S3_Bob_update
                                      solve( !KU( node_sk(h(~ps_a)) ) @ #vk.33 )
                                        case c_node_sk
                                        solve( !KU( pk(node_sk(h(~ps_a.1))) ) @ #vk.32 )
                                          case c_pk
                                          solve( !KU( node_sk(h(~ps_a.1)) ) @ #vk.35 )
                                            case c_node_sk
                                            solve( !KU( pk(node_sk(h(~ps_a.2))) ) @ #vk.34 )
                                              case c_pk
                                              solve( !KU( node_sk(h(~ps_a.2)) ) @ #vk.37 )
                                                case c_node_sk
                                                solve( !KU( h(~ps_a) ) @ #vk.36 )
                                                  case Reveal_NodeState
                                                  solve( !KU( h(~ps_a.1) ) @ #vk.40 )
                                                    case Reveal_NodeState
                                                    solve( !KU( h(~ps_a.2) ) @ #vk.44 )
                                                      case Reveal_NodeState
                                                      solve( !KU( aenc(~ps_a, pk(node_sk(h(~ps_a.3))))
                                                             ) @ #vk.49 )
                                                        case c_aenc
                                                        by solve( !KU( ~ps_a ) @ #vk.57 )
                                                      qed
                                                    next
                                                      case S2_Alice_invites_Bob
                                                      by solve( !KU( ~sk_b.2 ) @ #vk.51 )
                                                    next
                                                      case S4_Alice_invites_Charlie
                                                      by solve( !KU( ~sk_c.5 ) @ #vk.55 )
                                                    next
                                                      case c_h
                                                      by solve( !KU( ~ps_a.2 ) @ #vk.51 )
                                                    qed
                                                  next
                                                    case S2_Alice_invites_Bob
                                                    by solve( !KU( ~sk_b.1 ) @ #vk.45 )
                                                  next
                                                    case S4_Alice_invites_Charlie
                                                    by solve( !KU( ~sk_c.4 ) @ #vk.49 )
                                                  next
                                                    case c_h
                                                    by solve( !KU( ~ps_a.1 ) @ #vk.45 )
                                                  qed
                                                next
                                                  case S2_Alice_invites_Bob
                                                  by solve( !KU( ~sk_b ) @ #vk.39 )
                                                next
                                                  case S4_Alice_invites_Charlie
                                                  by solve( !KU( ~sk_c.3 ) @ #vk.43 )
                                                next
                                                  case c_h
                                                  by solve( !KU( ~ps_a ) @ #vk.39 )
                                                qed
                                              qed
                                            qed
                                          qed
                                        qed
                                      qed
                                    next
                                      case S4_Alice_invites_Charlie
                                      by solve( !KU( ~sk_c.3 ) @ #vk.37 )
                                    next
                                      case c_h
                                      by solve( !KU( ~ps_b ) @ #vk.33 )
                                    qed
                                  qed
                                next
                                  case c_aenc
                                  solve( !KU( h(h(~ps_b)) ) @ #vk.29 )
                                    case Reveal_NodeState
                                    by contradiction /* from formulas */
                                  next
                                    case S4_Alice_invites_Charlie
                                    by solve( !KU( ~sk_c.3 ) @ #vk.43 )
                                  next
                                    case c_h
                                    solve( !KU( h(~ps_b) ) @ #vk.30 )
                                      case Reveal_NodeState
                                      solve( !KU( pk(node_sk(h(~ps_a.1))) ) @ #vk.34 )
                                        case c_pk
                                        solve( !KU( node_sk(h(~ps_a.1)) ) @ #vk.45 )
                                          case c_node_sk
                                          solve( !KU( pk(node_sk(h(~ps_a.2))) ) @ #vk.36 )
                                            case c_pk
                                            solve( !KU( node_sk(h(~ps_a.2)) ) @ #vk.47 )
                                              case c_node_sk
                                              solve( !KU( h(~ps_a) ) @ #vk.42 )
                                                case Reveal_NodeState
                                                solve( !KU( h(<~epoch0, h(h(~ps_a))>) ) @ #vk.46 )
                                                  case Reveal_NodeState
                                                  solve( !KU( aenc(~ps_b, pk(node_sk(h(~ps_a.3))))
                                                         ) @ #vk.51 )
                                                    case c_aenc
                                                    by solve( !KU( ~ps_b ) @ #vk.61 )
                                                  qed
                                                next
                                                  case S2_Alice_invites_Bob
                                                  by solve( !KU( ~sk_b ) @ #vk.55 )
                                                next
                                                  case S4_Alice_invites_Charlie
                                                  by solve( !KU( ~sk_c.5 ) @ #vk.59 )
                                                next
                                                  case c_h
                                                  by solve( !KU( ~epoch0 ) @ #vk.56 )
                                                qed
                                              next
                                                case S2_Alice_invites_Bob
                                                by solve( !KU( ~sk_b ) @ #vk.49 )
                                              next
                                                case S4_Alice_invites_Charlie
                                                by solve( !KU( ~sk_c.4 ) @ #vk.53 )
                                              next
                                                case c_h
                                                by solve( !KU( ~ps_a ) @ #vk.49 )
                                              qed
                                            qed
                                          qed
                                        qed
                                      qed
                                    next
                                      case S3_Bob_update
                                      solve( !KU( node_sk(h(~ps_a)) ) @ #vk.39 )
                                        case c_node_sk
                                        solve( !KU( pk(node_sk(h(~ps_a.1))) ) @ #vk.32 )
                                          case c_pk
                                          solve( !KU( node_sk(h(~ps_a.1)) ) @ #vk.40 )
                                            case c_node_sk
                                            solve( !KU( pk(node_sk(h(~ps_a.2))) ) @ #vk.34 )
                                              case c_pk
                                              solve( !KU( node_sk(h(~ps_a.2)) ) @ #vk.42 )
                                                case c_node_sk
                                                solve( !KU( h(~ps_a) ) @ #vk.40 )
                                                  case Reveal_NodeState
                                                  solve( !KU( h(<~epoch0, h(h(~ps_a))>) ) @ #vk.44 )
                                                    case Reveal_NodeState
                                                    solve( !KU( h(~ps_a.1) ) @ #vk.48 )
                                                      case Reveal_NodeState
                                                      solve( !KU( h(~ps_a.2) ) @ #vk.52 )
                                                        case Reveal_NodeState
                                                        solve( !KU( aenc(~ps_a, pk(node_sk(h(~ps_a.3))))
                                                               ) @ #vk.57 )
                                                          case c_aenc
                                                          by solve( !KU( ~ps_a ) @ #vk.68 )
                                                        qed
                                                      next
                                                        case S2_Alice_invites_Bob
                                                        by solve( !KU( ~sk_b.3 ) @ #vk.62 )
                                                      next
                                                        case S4_Alice_invites_Charlie
                                                        by solve( !KU( ~sk_c.6 ) @ #vk.66 )
                                                      next
                                                        case c_h
                                                        by solve( !KU( ~ps_a.2 ) @ #vk.62 )
                                                      qed
                                                    next
                                                      case S2_Alice_invites_Bob
                                                      by solve( !KU( ~sk_b.2 ) @ #vk.56 )
                                                    next
                                                      case S4_Alice_invites_Charlie
                                                      by solve( !KU( ~sk_c.5 ) @ #vk.60 )
                                                    next
                                                      case c_h
                                                      by solve( !KU( ~ps_a.1 ) @ #vk.56 )
                                                    qed
                                                  next
                                                    case S2_Alice_invites_Bob
                                                    by solve( !KU( ~sk_b ) @ #vk.50 )
                                                  next
                                                    case S4_Alice_invites_Charlie
                                                    by solve( !KU( ~sk_c.4 ) @ #vk.54 )
                                                  next
                                                    case c_h
                                                    by solve( !KU( ~epoch0 ) @ #vk.51 )
                                                  qed
                                                next
                                                  case S2_Alice_invites_Bob
                                                  by solve( !KU( ~sk_b ) @ #vk.44 )
                                                next
                                                  case S4_Alice_invites_Charlie
                                                  by solve( !KU( ~sk_c.3 ) @ #vk.48 )
                                                next
                                                  case c_h
                                                  by solve( !KU( ~ps_a ) @ #vk.44 )
                                                qed
                                              qed
                                            qed
                                          qed
                                        qed
                                      qed
                                    next
                                      case S4_Alice_invites_Charlie
                                      by solve( !KU( ~sk_c.3 ) @ #vk.43 )
                                    next
                                      case c_h
                                      by solve( !KU( ~ps_b ) @ #vk.39 )
                                    qed
                                  qed
                                qed
                              qed
                            qed
                          next
                            case c_sign
                            by solve( !KU( ~sk_alice.3 ) @ #vk.31 )
                          qed
                        qed
                      next
                        case c_aenc
                        solve( !KU( aenc(ps_x_new, pk(node_sk(h(~ps_a.1)))) ) @ #vk.21 )
                          case FS_Send_epoch_probe
                          solve( !KU( ~fs_msg.1 ) @ #vk.29 )
                            case FS_Send_epoch_probe
                            solve( !KU( node_sk(h(~fs_msg.1)) ) @ #vk.24 )
                              case c_node_sk
                              solve( !KU( node_sk(h(~ps_a.1)) ) @ #vk.34 )
                                case c_node_sk
                                solve( !KU( aenc(~fs_msg.1, pk(node_sk(h(~ps_a.2)))) ) @ #vk.29 )
                                  case FS_Send_epoch_probe
                                  solve( !KU( pk(node_sk(h(~ps_a))) ) @ #vk.25 )
                                    case c_pk
                                    solve( !KU( node_sk(h(~ps_a)) ) @ #vk.31 )
                                      case c_node_sk
                                      solve( !KU( aenc(~ps_a.1, pk(node_sk(h(~ps_a.2)))) ) @ #vk.28 )
                                        case c_aenc
                                        by solve( !KU( ~ps_a.1 ) @ #vk.33 )
                                      qed
                                    qed
                                  qed
                                next
                                  case c_aenc
                                  solve( !KU( pk(node_sk(h(~ps_a))) ) @ #vk.31 )
                                    case c_pk
                                    solve( !KU( node_sk(h(~ps_a)) ) @ #vk.38 )
                                      case c_node_sk
                                      solve( !KU( aenc(~ps_a.1, pk(node_sk(h(~ps_a.3)))) ) @ #vk.34 )
                                        case c_aenc
                                        by solve( !KU( ~ps_a.1 ) @ #vk.40 )
                                      qed
                                    qed
                                  qed
                                qed
                              qed
                            qed
                          qed
                        next
                          case S3_Bob_update
                          solve( !KU( node_sk(h(h(~ps_b))) ) @ #vk.20 )
                            case c_node_sk
                            solve( !KU( sign(<'Bob', h(~ps_a.1), joiner>, ~sk_alice.3) ) @ #vk.30 )
                              case S2_Alice_invites_Bob
                              solve( !KU( aenc(h(~ps_b), pk(node_sk(h(~ps_a.2)))) ) @ #vk.25 )
                                case S3_Bob_update
                                solve( !KU( pk(node_sk(h(~ps_a))) ) @ #vk.23 )
                                  case c_pk
                                  solve( !KU( node_sk(h(~ps_a)) ) @ #vk.26 )
                                    case c_node_sk
                                    solve( !KU( aenc(<'Bob', h(~ps_a.1), h(<~epoch0.1, h(h(~ps_a.1))>)>,
                                                     pk(~sk_b.2))
                                           ) @ #vk.25 )
                                      case S2_Alice_invites_Bob
                                      solve( !KU( h(~ps_b) ) @ #vk.25 )
                                        case Reveal_NodeState
                                        solve( !KU( h(h(~ps_b)) ) @ #vk.29 )
                                          case Reveal_NodeState
                                          by contradiction /* from formulas */
                                        next
                                          case S4_Alice_invites_Charlie
                                          by solve( !KU( ~sk_c.3 ) @ #vk.38 )
                                        next
                                          case c_h
                                          solve( !KU( h(~ps_a) ) @ #vk.30 )
                                            case Reveal_NodeState
                                            solve( !KU( aenc(~ps_b, pk(node_sk(h(~ps_a.2)))) ) @ #vk.35 )
                                              case c_aenc
                                              by solve( !KU( ~ps_b ) @ #vk.40 )
                                            qed
                                          next
                                            case S2_Alice_invites_Bob
                                            by solve( !KU( ~sk_b.1 ) @ #vk.34 )
                                          next
                                            case S4_Alice_invites_Charlie
                                            by solve( !KU( ~sk_c.3 ) @ #vk.38 )
                                          next
                                            case c_h
                                            by solve( !KU( ~ps_a ) @ #vk.34 )
                                          qed
                                        qed
                                      next
                                        case S3_Bob_update
                                        solve( !KU( node_sk(h(~ps_a.1)) ) @ #vk.28 )
                                          case c_node_sk
                                          solve( !KU( h(h(~ps_b)) ) @ #vk.27 )
                                            case Reveal_NodeState
                                            by contradiction /* from formulas */
                                          next
                                            case S4_Alice_invites_Charlie
                                            by solve( !KU( ~sk_c.2 ) @ #vk.34 )
                                          next
                                            case c_h
                                            solve( !KU( h(~ps_a) ) @ #vk.28 )
                                              case Reveal_NodeState
                                              solve( !KU( h(~ps_a.1) ) @ #vk.32 )
                                                case Reveal_NodeState
                                                solve( !KU( aenc(~ps_a, pk(node_sk(h(~ps_a.2)))) ) @ #vk.37 )
                                                  case c_aenc
                                                  by solve( !KU( ~ps_a ) @ #vk.42 )
                                                qed
                                              next
                                                case S2_Alice_invites_Bob
                                                by solve( !KU( ~sk_b ) @ #vk.36 )
                                              next
                                                case S4_Alice_invites_Charlie
                                                by solve( !KU( ~sk_c.3 ) @ #vk.40 )
                                              next
                                                case c_h
                                                by solve( !KU( ~ps_a.1 ) @ #vk.36 )
                                              qed
                                            next
                                              case S2_Alice_invites_Bob
                                              by solve( !KU( ~sk_b.1 ) @ #vk.30 )
                                            next
                                              case S4_Alice_invites_Charlie
                                              by solve( !KU( ~sk_c.2 ) @ #vk.34 )
                                            next
                                              case c_h
                                              by solve( !KU( ~ps_a ) @ #vk.30 )
                                            qed
                                          qed
                                        qed
                                      next
                                        case S4_Alice_invites_Charlie
                                        by solve( !KU( ~sk_c.2 ) @ #vk.32 )
                                      next
                                        case c_h
                                        by solve( !KU( ~ps_b ) @ #vk.28 )
                                      qed
                                    next
                                      case c_aenc
                                      solve( !KU( h(~ps_b) ) @ #vk.25 )
                                        case Reveal_NodeState
                                        solve( !KU( h(h(~ps_b)) ) @ #vk.29 )
                                          case Reveal_NodeState
                                          by contradiction /* from formulas */
                                        next
                                          case S4_Alice_invites_Charlie
                                          by solve( !KU( ~sk_c.3 ) @ #vk.44 )
                                        next
                                          case c_h
                                          solve( !KU( h(~ps_a) ) @ #vk.30 )
                                            case Reveal_NodeState
                                            solve( !KU( h(~ps_a.1) ) @ #vk.38 )
                                              case Reveal_NodeState
                                              solve( !KU( h(<~epoch0.1, h(h(~ps_a.1))>) ) @ #vk.42 )
                                                case Reveal_NodeState
                                                solve( !KU( aenc(~ps_b, pk(node_sk(h(~ps_a.2)))) ) @ #vk.47 )
                                                  case c_aenc
                                                  by solve( !KU( ~ps_b ) @ #vk.58 )
                                                qed
                                              next
                                                case S2_Alice_invites_Bob
                                                by solve( !KU( ~sk_b ) @ #vk.52 )
                                              next
                                                case S4_Alice_invites_Charlie
                                                by solve( !KU( ~sk_c.5 ) @ #vk.56 )
                                              next
                                                case c_h
                                                by solve( !KU( ~epoch0.1 ) @ #vk.53 )
                                              qed
                                            next
                                              case S2_Alice_invites_Bob
                                              by solve( !KU( ~sk_b ) @ #vk.46 )
                                            next
                                              case S4_Alice_invites_Charlie
                                              by solve( !KU( ~sk_c.4 ) @ #vk.50 )
                                            next
                                              case c_h
                                              by solve( !KU( ~ps_a.1 ) @ #vk.46 )
                                            qed
                                          next
                                            case S2_Alice_invites_Bob
                                            by solve( !KU( ~sk_b.1 ) @ #vk.40 )
                                          next
                                            case S4_Alice_invites_Charlie
                                            by solve( !KU( ~sk_c.3 ) @ #vk.44 )
                                          next
                                            case c_h
                                            by solve( !KU( ~ps_a ) @ #vk.40 )
                                          qed
                                        qed
                                      next
                                        case S3_Bob_update
                                        solve( !KU( node_sk(h(~ps_a.1)) ) @ #vk.34 )
                                          case c_node_sk
                                          solve( !KU( h(h(~ps_b)) ) @ #vk.27 )
                                            case Reveal_NodeState
                                            by contradiction /* from formulas */
                                          next
                                            case S4_Alice_invites_Charlie
                                            by solve( !KU( ~sk_c.2 ) @ #vk.39 )
                                          next
                                            case c_h
                                            solve( !KU( h(~ps_a) ) @ #vk.28 )
                                              case Reveal_NodeState
                                              solve( !KU( h(~ps_a.1) ) @ #vk.36 )
                                                case Reveal_NodeState
                                                solve( !KU( h(<~epoch0.1, h(h(~ps_a.1))>) ) @ #vk.40 )
                                                  case Reveal_NodeState
                                                  solve( !KU( aenc(~ps_a, pk(node_sk(h(~ps_a.2))))
                                                         ) @ #vk.45 )
                                                    case c_aenc
                                                    by solve( !KU( ~ps_a ) @ #vk.53 )
                                                  qed
                                                next
                                                  case S2_Alice_invites_Bob
                                                  by solve( !KU( ~sk_b ) @ #vk.47 )
                                                next
                                                  case S4_Alice_invites_Charlie
                                                  by solve( !KU( ~sk_c.4 ) @ #vk.51 )
                                                next
                                                  case c_h
                                                  by solve( !KU( ~epoch0.1 ) @ #vk.48 )
                                                qed
                                              next
                                                case S2_Alice_invites_Bob
                                                by solve( !KU( ~sk_b ) @ #vk.41 )
                                              next
                                                case S4_Alice_invites_Charlie
                                                by solve( !KU( ~sk_c.3 ) @ #vk.45 )
                                              next
                                                case c_h
                                                by solve( !KU( ~ps_a.1 ) @ #vk.41 )
                                              qed
                                            next
                                              case S2_Alice_invites_Bob
                                              by solve( !KU( ~sk_b.1 ) @ #vk.35 )
                                            next
                                              case S4_Alice_invites_Charlie
                                              by solve( !KU( ~sk_c.2 ) @ #vk.39 )
                                            next
                                              case c_h
                                              by solve( !KU( ~ps_a ) @ #vk.35 )
                                            qed
                                          qed
                                        qed
                                      next
                                        case S4_Alice_invites_Charlie
                                        by solve( !KU( ~sk_c.2 ) @ #vk.38 )
                                      next
                                        case c_h
                                        by solve( !KU( ~ps_b ) @ #vk.34 )
                                      qed
                                    qed
                                  qed
                                qed
                              next
                                case c_aenc
                                solve( !KU( pk(node_sk(h(~ps_a))) ) @ #vk.29 )
                                  case c_pk
                                  solve( !KU( node_sk(h(~ps_a)) ) @ #vk.33 )
                                    case c_node_sk
                                    solve( !KU( aenc(<'Bob', h(~ps_a.1), h(<~epoch0.1, h(h(~ps_a.1))>)>,
                                                     pk(~sk_b.3))
                                           ) @ #vk.31 )
                                      case S2_Alice_invites_Bob
                                      solve( !KU( h(~ps_b) ) @ #vk.31 )
                                        case Reveal_NodeState
                                        solve( !KU( h(h(~ps_b)) ) @ #vk.35 )
                                          case Reveal_NodeState
                                          by contradiction /* from formulas */
                                        next
                                          case S4_Alice_invites_Charlie
                                          by solve( !KU( ~sk_c.4 ) @ #vk.45 )
                                        next
                                          case c_h
                                          solve( !KU( pk(node_sk(h(~ps_a.2))) ) @ #vk.36 )
                                            case c_pk
                                            solve( !KU( node_sk(h(~ps_a.2)) ) @ #vk.41 )
                                              case c_node_sk
                                              solve( !KU( h(~ps_a) ) @ #vk.38 )
                                                case Reveal_NodeState
                                                solve( !KU( aenc(~ps_b, pk(node_sk(h(~ps_a.3)))) ) @ #vk.43 )
                                                  case c_aenc
                                                  by solve( !KU( ~ps_b ) @ #vk.49 )
                                                qed
                                              next
                                                case S2_Alice_invites_Bob
                                                by solve( !KU( ~sk_b ) @ #vk.43 )
                                              next
                                                case S4_Alice_invites_Charlie
                                                by solve( !KU( ~sk_c.4 ) @ #vk.47 )
                                              next
                                                case c_h
                                                by solve( !KU( ~ps_a ) @ #vk.43 )
                                              qed
                                            qed
                                          qed
                                        qed
                                      next
                                        case S3_Bob_update
                                        solve( !KU( node_sk(h(~ps_a.1)) ) @ #vk.35 )
                                          case c_node_sk
                                          solve( !KU( h(h(~ps_b)) ) @ #vk.33 )
                                            case Reveal_NodeState
                                            by contradiction /* from formulas */
                                          next
                                            case S4_Alice_invites_Charlie
                                            by solve( !KU( ~sk_c.3 ) @ #vk.41 )
                                          next
                                            case c_h
                                            solve( !KU( pk(node_sk(h(~ps_a.2))) ) @ #vk.34 )
                                              case c_pk
                                              solve( !KU( node_sk(h(~ps_a.2)) ) @ #vk.37 )
                                                case c_node_sk
                                                solve( !KU( h(~ps_a) ) @ #vk.36 )
                                                  case Reveal_NodeState
                                                  solve( !KU( h(~ps_a.1) ) @ #vk.40 )
                                                    case Reveal_NodeState
                                                    solve( !KU( h(~ps_a.2) ) @ #vk.44 )
                                                      case Reveal_NodeState
                                                      solve( !KU( aenc(~ps_a, pk(node_sk(h(~ps_a.3))))
                                                             ) @ #vk.49 )
                                                        case c_aenc
                                                        by solve( !KU( ~ps_a ) @ #vk.57 )
                                                      qed
                                                    next
                                                      case S2_Alice_invites_Bob
                                                      by solve( !KU( ~sk_b.2 ) @ #vk.51 )
                                                    next
                                                      case S4_Alice_invites_Charlie
                                                      by solve( !KU( ~sk_c.5 ) @ #vk.55 )
                                                    next
                                                      case c_h
                                                      by solve( !KU( ~ps_a.2 ) @ #vk.51 )
                                                    qed
                                                  next
                                                    case S2_Alice_invites_Bob
                                                    by solve( !KU( ~sk_b.1 ) @ #vk.45 )
                                                  next
                                                    case S4_Alice_invites_Charlie
                                                    by solve( !KU( ~sk_c.4 ) @ #vk.49 )
                                                  next
                                                    case c_h
                                                    by solve( !KU( ~ps_a.1 ) @ #vk.45 )
                                                  qed
                                                next
                                                  case S2_Alice_invites_Bob
                                                  by solve( !KU( ~sk_b ) @ #vk.39 )
                                                next
                                                  case S4_Alice_invites_Charlie
                                                  by solve( !KU( ~sk_c.3 ) @ #vk.43 )
                                                next
                                                  case c_h
                                                  by solve( !KU( ~ps_a ) @ #vk.39 )
                                                qed
                                              qed
                                            qed
                                          qed
                                        qed
                                      next
                                        case S4_Alice_invites_Charlie
                                        by solve( !KU( ~sk_c.3 ) @ #vk.39 )
                                      next
                                        case c_h
                                        by solve( !KU( ~ps_b ) @ #vk.35 )
                                      qed
                                    next
                                      case c_aenc
                                      solve( !KU( h(~ps_b) ) @ #vk.31 )
                                        case Reveal_NodeState
                                        solve( !KU( h(h(~ps_b)) ) @ #vk.35 )
                                          case Reveal_NodeState
                                          by contradiction /* from formulas */
                                        next
                                          case S4_Alice_invites_Charlie
                                          by solve( !KU( ~sk_c.4 ) @ #vk.51 )
                                        next
                                          case c_h
                                          solve( !KU( pk(node_sk(h(~ps_a.2))) ) @ #vk.36 )
                                            case c_pk
                                            solve( !KU( node_sk(h(~ps_a.2)) ) @ #vk.47 )
                                              case c_node_sk
                                              solve( !KU( h(~ps_a) ) @ #vk.38 )
                                                case Reveal_NodeState
                                                solve( !KU( h(~ps_a.1) ) @ #vk.46 )
                                                  case Reveal_NodeState
                                                  solve( !KU( h(<~epoch0.1, h(h(~ps_a.1))>) ) @ #vk.50 )
                                                    case Reveal_NodeState
                                                    solve( !KU( aenc(~ps_b, pk(node_sk(h(~ps_a.3))))
                                                           ) @ #vk.55 )
                                                      case c_aenc
                                                      by solve( !KU( ~ps_b ) @ #vk.67 )
                                                    qed
                                                  next
                                                    case S2_Alice_invites_Bob
                                                    by solve( !KU( ~sk_b.1 ) @ #vk.61 )
                                                  next
                                                    case S4_Alice_invites_Charlie
                                                    by solve( !KU( ~sk_c.6 ) @ #vk.65 )
                                                  next
                                                    case c_h
                                                    by solve( !KU( ~epoch0.1 ) @ #vk.62 )
                                                  qed
                                                next
                                                  case S2_Alice_invites_Bob
                                                  by solve( !KU( ~sk_b.1 ) @ #vk.55 )
                                                next
                                                  case S4_Alice_invites_Charlie
                                                  by solve( !KU( ~sk_c.5 ) @ #vk.59 )
                                                next
                                                  case c_h
                                                  by solve( !KU( ~ps_a.1 ) @ #vk.55 )
                                                qed
                                              next
                                                case S2_Alice_invites_Bob
                                                by solve( !KU( ~sk_b ) @ #vk.49 )
                                              next
                                                case S4_Alice_invites_Charlie
                                                by solve( !KU( ~sk_c.4 ) @ #vk.53 )
                                              next
                                                case c_h
                                                by solve( !KU( ~ps_a ) @ #vk.49 )
                                              qed
                                            qed
                                          qed
                                        qed
                                      next
                                        case S3_Bob_update
                                        solve( !KU( node_sk(h(~ps_a.1)) ) @ #vk.41 )
                                          case c_node_sk
                                          solve( !KU( h(h(~ps_b)) ) @ #vk.33 )
                                            case Reveal_NodeState
                                            by contradiction /* from formulas */
                                          next
                                            case S4_Alice_invites_Charlie
                                            by solve( !KU( ~sk_c.3 ) @ #vk.46 )
                                          next
                                            case c_h
                                            solve( !KU( pk(node_sk(h(~ps_a.2))) ) @ #vk.34 )
                                              case c_pk
                                              solve( !KU( node_sk(h(~ps_a.2)) ) @ #vk.42 )
                                                case c_node_sk
                                                solve( !KU( h(~ps_a) ) @ #vk.36 )
                                                  case Reveal_NodeState
                                                  solve( !KU( h(~ps_a.1) ) @ #vk.44 )
                                                    case Reveal_NodeState
                                                    solve( !KU( h(<~epoch0.1, h(h(~ps_a.1))>) ) @ #vk.48 )
                                                      case Reveal_NodeState
                                                      solve( !KU( h(~ps_a.2) ) @ #vk.52 )
                                                        case Reveal_NodeState
                                                        solve( !KU( aenc(~ps_a, pk(node_sk(h(~ps_a.3))))
                                                               ) @ #vk.57 )
                                                          case c_aenc
                                                          by solve( !KU( ~ps_a ) @ #vk.68 )
                                                        qed
                                                      next
                                                        case S2_Alice_invites_Bob
                                                        by solve( !KU( ~sk_b.3 ) @ #vk.62 )
                                                      next
                                                        case S4_Alice_invites_Charlie
                                                        by solve( !KU( ~sk_c.6 ) @ #vk.66 )
                                                      next
                                                        case c_h
                                                        by solve( !KU( ~ps_a.2 ) @ #vk.62 )
                                                      qed
                                                    next
                                                      case S2_Alice_invites_Bob
                                                      by solve( !KU( ~sk_b.1 ) @ #vk.56 )
                                                    next
                                                      case S4_Alice_invites_Charlie
                                                      by solve( !KU( ~sk_c.5 ) @ #vk.60 )
                                                    next
                                                      case c_h
                                                      by solve( !KU( ~epoch0.1 ) @ #vk.57 )
                                                    qed
                                                  next
                                                    case S2_Alice_invites_Bob
                                                    by solve( !KU( ~sk_b.1 ) @ #vk.50 )
                                                  next
                                                    case S4_Alice_invites_Charlie
                                                    by solve( !KU( ~sk_c.4 ) @ #vk.54 )
                                                  next
                                                    case c_h
                                                    by solve( !KU( ~ps_a.1 ) @ #vk.50 )
                                                  qed
                                                next
                                                  case S2_Alice_invites_Bob
                                                  by solve( !KU( ~sk_b ) @ #vk.44 )
                                                next
                                                  case S4_Alice_invites_Charlie
                                                  by solve( !KU( ~sk_c.3 ) @ #vk.48 )
                                                next
                                                  case c_h
                                                  by solve( !KU( ~ps_a ) @ #vk.44 )
                                                qed
                                              qed
                                            qed
                                          qed
                                        qed
                                      next
                                        case S4_Alice_invites_Charlie
                                        by solve( !KU( ~sk_c.3 ) @ #vk.45 )
                                      next
                                        case c_h
                                        by solve( !KU( ~ps_b ) @ #vk.41 )
                                      qed
                                    qed
                                  qed
                                qed
                              qed
                            next
                              case c_sign
                              by solve( !KU( ~sk_alice.3 ) @ #vk.33 )
                            qed
                          qed
                        next
                          case c_aenc
                          solve( !KU( aenc(ps_x_new, pk(node_sk(h(~ps_a.2)))) ) @ #vk.24 )
                            case FS_Send_epoch_probe
                            solve( !KU( ~fs_msg.1 ) @ #vk.29 )
                              case FS_Send_epoch_probe
                              solve( !KU( node_sk(h(~fs_msg.1)) ) @ #vk.25 )
                                case c_node_sk
                                solve( !KU( node_sk(h(~ps_a.1)) ) @ #vk.35 )
                                  case c_node_sk
                                  solve( !KU( pk(node_sk(h(~ps_a))) ) @ #vk.31 )
                                    case c_pk
                                    solve( !KU( node_sk(h(~ps_a)) ) @ #vk.38 )
                                      case c_node_sk
                                      solve( !KU( pk(node_sk(h(~ps_a.2))) ) @ #vk.33 )
                                        case c_pk
                                        solve( !KU( node_sk(h(~ps_a.2)) ) @ #vk.40 )
                                          case c_node_sk
                                          solve( !KU( aenc(~ps_a.1, pk(node_sk(h(~ps_a.3)))) ) @ #vk.36 )
                                            case c_aenc
                                            by solve( !KU( ~ps_a.1 ) @ #vk.42 )
                                          qed
                                        qed
                                      qed
                                    qed
                                  qed
                                qed
                              qed
                            qed
                          next
                            case S3_Bob_update
                            solve( !KU( node_sk(h(h(~ps_b))) ) @ #vk.21 )
                              case c_node_sk
                              solve( !KU( sign(<'Bob', h(~ps_a.1), joiner>, ~sk_alice.3) ) @ #vk.31 )
                                case S2_Alice_invites_Bob
                                solve( !KU( pk(node_sk(h(~ps_a))) ) @ #vk.28 )
                                  case c_pk
                                  solve( !KU( node_sk(h(~ps_a)) ) @ #vk.33 )
                                    case c_node_sk
                                    solve( !KU( pk(node_sk(h(~ps_a.2))) ) @ #vk.31 )
                                      case c_pk
                                      solve( !KU( node_sk(h(~ps_a.2)) ) @ #vk.35 )
                                        case c_node_sk
                                        solve( !KU( aenc(<'Bob', h(~ps_a.1), h(<~epoch0.1, h(h(~ps_a.1))>)>,
                                                         pk(~sk_b.3))
                                               ) @ #vk.33 )
                                          case S2_Alice_invites_Bob
                                          solve( !KU( h(~ps_b) ) @ #vk.33 )
                                            case Reveal_NodeState
                                            solve( !KU( h(h(~ps_b)) ) @ #vk.37 )
                                              case Reveal_NodeState
                                              by contradiction /* from formulas */
                                            next
                                              case S4_Alice_invites_Charlie
                                              by solve( !KU( ~sk_c.4 ) @ #vk.47 )
                                            next
                                              case c_h
                                              solve( !KU( h(~ps_a) ) @ #vk.38 )
                                                case Reveal_NodeState
                                                solve( !KU( h(~ps_a.2) ) @ #vk.42 )
                                                  case Reveal_NodeState
                                                  solve( !KU( aenc(~ps_b, pk(node_sk(h(~ps_a.3))))
                                                         ) @ #vk.47 )
                                                    case c_aenc
                                                    by solve( !KU( ~ps_b ) @ #vk.55 )
                                                  qed
                                                next
                                                  case S2_Alice_invites_Bob
                                                  by solve( !KU( ~sk_b.2 ) @ #vk.49 )
                                                next
                                                  case S4_Alice_invites_Charlie
                                                  by solve( !KU( ~sk_c.5 ) @ #vk.53 )
                                                next
                                                  case c_h
                                                  by solve( !KU( ~ps_a.2 ) @ #vk.49 )
                                                qed
                                              next
                                                case S2_Alice_invites_Bob
                                                by solve( !KU( ~sk_b ) @ #vk.43 )
                                              next
                                                case S4_Alice_invites_Charlie
                                                by solve( !KU( ~sk_c.4 ) @ #vk.47 )
                                              next
                                                case c_h
                                                by solve( !KU( ~ps_a ) @ #vk.43 )
                                              qed
                                            qed
                                          next
                                            case S3_Bob_update
                                            solve( !KU( node_sk(h(~ps_a.1)) ) @ #vk.37 )
                                              case c_node_sk
                                              solve( !KU( h(h(~ps_b)) ) @ #vk.35 )
                                                case Reveal_NodeState
                                                by contradiction /* from formulas */
                                              next
                                                case S4_Alice_invites_Charlie
                                                by solve( !KU( ~sk_c.3 ) @ #vk.43 )
                                              next
                                                case c_h
                                                solve( !KU( h(~ps_a) ) @ #vk.36 )
                                                  case Reveal_NodeState
                                                  solve( !KU( h(~ps_a.2) ) @ #vk.40 )
                                                    case Reveal_NodeState
                                                    solve( !KU( h(~ps_a.1) ) @ #vk.44 )
                                                      case Reveal_NodeState
                                                      solve( !KU( aenc(~ps_a, pk(node_sk(h(~ps_a.3))))
                                                             ) @ #vk.49 )
                                                        case c_aenc
                                                        by solve( !KU( ~ps_a ) @ #vk.57 )
                                                      qed
                                                    next
                                                      case S2_Alice_invites_Bob
                                                      by solve( !KU( ~sk_b.1 ) @ #vk.51 )
                                                    next
                                                      case S4_Alice_invites_Charlie
                                                      by solve( !KU( ~sk_c.5 ) @ #vk.55 )
                                                    next
                                                      case c_h
                                                      by solve( !KU( ~ps_a.1 ) @ #vk.51 )
                                                    qed
                                                  next
                                                    case S2_Alice_invites_Bob
                                                    by solve( !KU( ~sk_b.2 ) @ #vk.45 )
                                                  next
                                                    case S4_Alice_invites_Charlie
                                                    by solve( !KU( ~sk_c.4 ) @ #vk.49 )
                                                  next
                                                    case c_h
                                                    by solve( !KU( ~ps_a.2 ) @ #vk.45 )
                                                  qed
                                                next
                                                  case S2_Alice_invites_Bob
                                                  by solve( !KU( ~sk_b ) @ #vk.39 )
                                                next
                                                  case S4_Alice_invites_Charlie
                                                  by solve( !KU( ~sk_c.3 ) @ #vk.43 )
                                                next
                                                  case c_h
                                                  by solve( !KU( ~ps_a ) @ #vk.39 )
                                                qed
                                              qed
                                            qed
                                          next
                                            case S4_Alice_invites_Charlie
                                            by solve( !KU( ~sk_c.3 ) @ #vk.41 )
                                          next
                                            case c_h
                                            by solve( !KU( ~ps_b ) @ #vk.37 )
                                          qed
                                        next
                                          case c_aenc
                                          solve( !KU( h(~ps_b) ) @ #vk.33 )
                                            case Reveal_NodeState
                                            solve( !KU( h(h(~ps_b)) ) @ #vk.37 )
                                              case Reveal_NodeState
                                              by contradiction /* from formulas */
                                            next
                                              case S4_Alice_invites_Charlie
                                              by solve( !KU( ~sk_c.4 ) @ #vk.53 )
                                            next
                                              case c_h
                                              solve( !KU( h(~ps_a) ) @ #vk.38 )
                                                case Reveal_NodeState
                                                solve( !KU( h(~ps_a.2) ) @ #vk.42 )
                                                  case Reveal_NodeState
                                                  solve( !KU( h(~ps_a.1) ) @ #vk.50 )
                                                    case Reveal_NodeState
                                                    solve( !KU( h(<~epoch0.1, h(h(~ps_a.1))>) ) @ #vk.54 )
                                                      case Reveal_NodeState
                                                      solve( !KU( aenc(~ps_b, pk(node_sk(h(~ps_a.3))))
                                                             ) @ #vk.59 )
                                                        case c_aenc
                                                        by solve( !KU( ~ps_b ) @ #vk.73 )
                                                      qed
                                                    next
                                                      case S2_Alice_invites_Bob
                                                      by solve( !KU( ~sk_b.1 ) @ #vk.67 )
                                                    next
                                                      case S4_Alice_invites_Charlie
                                                      by solve( !KU( ~sk_c.7 ) @ #vk.71 )
                                                    next
                                                      case c_h
                                                      by solve( !KU( ~epoch0.1 ) @ #vk.68 )
                                                    qed
                                                  next
                                                    case S2_Alice_invites_Bob
                                                    by solve( !KU( ~sk_b.1 ) @ #vk.61 )
                                                  next
                                                    case S4_Alice_invites_Charlie
                                                    by solve( !KU( ~sk_c.6 ) @ #vk.65 )
                                                  next
                                                    case c_h
                                                    by solve( !KU( ~ps_a.1 ) @ #vk.61 )
                                                  qed
                                                next
                                                  case S2_Alice_invites_Bob
                                                  by solve( !KU( ~sk_b.3 ) @ #vk.55 )
                                                next
                                                  case S4_Alice_invites_Charlie
                                                  by solve( !KU( ~sk_c.5 ) @ #vk.59 )
                                                next
                                                  case c_h
                                                  by solve( !KU( ~ps_a.2 ) @ #vk.55 )
                                                qed
                                              next
                                                case S2_Alice_invites_Bob
                                                by solve( !KU( ~sk_b ) @ #vk.49 )
                                              next
                                                case S4_Alice_invites_Charlie
                                                by solve( !KU( ~sk_c.4 ) @ #vk.53 )
                                              next
                                                case c_h
                                                by solve( !KU( ~ps_a ) @ #vk.49 )
                                              qed
                                            qed
                                          next
                                            case S3_Bob_update
                                            solve( !KU( node_sk(h(~ps_a.1)) ) @ #vk.43 )
                                              case c_node_sk
                                              solve( !KU( h(h(~ps_b)) ) @ #vk.35 )
                                                case Reveal_NodeState
                                                by contradiction /* from formulas */
                                              next
                                                case S4_Alice_invites_Charlie
                                                by solve( !KU( ~sk_c.3 ) @ #vk.48 )
                                              next
                                                case c_h
                                                solve( !KU( h(~ps_a) ) @ #vk.36 )
                                                  case Reveal_NodeState
                                                  solve( !KU( h(~ps_a.2) ) @ #vk.40 )
                                                    case Reveal_NodeState
                                                    solve( !KU( h(~ps_a.1) ) @ #vk.48 )
                                                      case Reveal_NodeState
                                                      solve( !KU( h(<~epoch0.1, h(h(~ps_a.1))>) ) @ #vk.52 )
                                                        case Reveal_NodeState
                                                        solve( !KU( aenc(~ps_a, pk(node_sk(h(~ps_a.3))))
                                                               ) @ #vk.57 )
                                                          case c_aenc
                                                          by solve( !KU( ~ps_a ) @ #vk.68 )
                                                        qed
                                                      next
                                                        case S2_Alice_invites_Bob
                                                        by solve( !KU( ~sk_b.1 ) @ #vk.62 )
                                                      next
                                                        case S4_Alice_invites_Charlie
                                                        by solve( !KU( ~sk_c.6 ) @ #vk.66 )
                                                      next
                                                        case c_h
                                                        by solve( !KU( ~epoch0.1 ) @ #vk.63 )
                                                      qed
                                                    next
                                                      case S2_Alice_invites_Bob
                                                      by solve( !KU( ~sk_b.1 ) @ #vk.56 )
                                                    next
                                                      case S4_Alice_invites_Charlie
                                                      by solve( !KU( ~sk_c.5 ) @ #vk.60 )
                                                    next
                                                      case c_h
                                                      by solve( !KU( ~ps_a.1 ) @ #vk.56 )
                                                    qed
                                                  next
                                                    case S2_Alice_invites_Bob
                                                    by solve( !KU( ~sk_b.3 ) @ #vk.50 )
                                                  next
                                                    case S4_Alice_invites_Charlie
                                                    by solve( !KU( ~sk_c.4 ) @ #vk.54 )
                                                  next
                                                    case c_h
                                                    by solve( !KU( ~ps_a.2 ) @ #vk.50 )
                                                  qed
                                                next
                                                  case S2_Alice_invites_Bob
                                                  by solve( !KU( ~sk_b ) @ #vk.44 )
                                                next
                                                  case S4_Alice_invites_Charlie
                                                  by solve( !KU( ~sk_c.3 ) @ #vk.48 )
                                                next
                                                  case c_h
                                                  by solve( !KU( ~ps_a ) @ #vk.44 )
                                                qed
                                              qed
                                            qed
                                          next
                                            case S4_Alice_invites_Charlie
                                            by solve( !KU( ~sk_c.3 ) @ #vk.47 )
                                          next
                                            case c_h
                                            by solve( !KU( ~ps_b ) @ #vk.43 )
                                          qed
                                        qed
                                      qed
                                    qed
                                  qed
                                qed
                              next
                                case c_sign
                                by solve( !KU( ~sk_alice.3 ) @ #vk.34 )
                              qed
                            qed
                          next
                            case c_aenc
                            solve( !KU( pk(node_sk(h(~ps_a))) ) @ #vk.27 )
                              case c_pk
                              solve( !KU( node_sk(h(~ps_a)) ) @ #vk.30 )
                                case c_node_sk
                                solve( !KU( pk(node_sk(h(~ps_a.1))) ) @ #vk.29 )
                                  case c_pk
                                  solve( !KU( node_sk(h(~ps_a.1)) ) @ #vk.32 )
                                    case c_node_sk
                                    solve( !KU( pk(node_sk(h(~ps_a.2))) ) @ #vk.31 )
                                      case c_pk
                                      solve( !KU( node_sk(h(~ps_a.2)) ) @ #vk.34 )
                                        case c_node_sk
                                        solve( !KU( h(~ps_a) ) @ #vk.33 )
                                          case Reveal_NodeState
                                          solve( !KU( h(~ps_a.1) ) @ #vk.37 )
                                            case Reveal_NodeState
                                            solve( !KU( h(~ps_a.2) ) @ #vk.41 )
                                              case Reveal_NodeState
                                              solve( !KU( aenc(~ps_a, pk(node_sk(h(~ps_a.3)))) ) @ #vk.46 )
                                                case c_aenc
                                                by solve( !KU( ~ps_a ) @ #vk.54 )
                                              qed
                                            next
                                              case S2_Alice_invites_Bob
                                              by solve( !KU( ~sk_b.2 ) @ #vk.48 )
                                            next
                                              case S4_Alice_invites_Charlie
                                              by solve( !KU( ~sk_c.5 ) @ #vk.52 )
                                            next
                                              case c_h
                                              by solve( !KU( ~ps_a.2 ) @ #vk.48 )
                                            qed
                                          next
                                            case S2_Alice_invites_Bob
                                            by solve( !KU( ~sk_b.1 ) @ #vk.42 )
                                          next
                                            case S4_Alice_invites_Charlie
                                            by solve( !KU( ~sk_c.4 ) @ #vk.46 )
                                          next
                                            case c_h
                                            by solve( !KU( ~ps_a.1 ) @ #vk.42 )
                                          qed
                                        next
                                          case S2_Alice_invites_Bob
                                          by solve( !KU( ~sk_b ) @ #vk.36 )
                                        next
                                          case S4_Alice_invites_Charlie
                                          by solve( !KU( ~sk_c.3 ) @ #vk.40 )
                                        next
                                          case c_h
                                          by solve( !KU( ~ps_a ) @ #vk.36 )
                                        qed
                                      qed
                                    qed
                                  qed
                                qed
                              qed
                            qed
                          qed
                        qed
                      qed
                    qed
                  next
                    case c_aenc
                    solve( !KU( aenc(ps_x_new, pk(node_sk(h(~ps_a)))) ) @ #vk.11 )
                      case FS_Send_epoch_probe
                      solve( !KU( node_sk(h(~fs_msg.1)) ) @ #vk.19 )
                        case c_node_sk
                        solve( !KU( aenc(~fs_msg.1, pk(node_sk(h(~ps_a.1)))) ) @ #vk.21 )
                          case FS_Send_epoch_probe
                          solve( !KU( h(~fs_msg.1) ) @ #vk.21 )
                            case Reveal_NodeState
                            by contradiction /* from formulas */
                          next
                            case S4_Alice_invites_Charlie
                            by solve( !KU( ~sk_c.3 ) @ #vk.30 )
                          next
                            case c_h
                            solve( !KU( ~fs_msg.1 ) @ #vk.26 )
                              case FS_Send_epoch_probe
                              solve( !KU( node_sk(h(~ps_a)) ) @ #vk.27 )
                                case c_node_sk
                                solve( !KU( h(<'ep3', h(~fs_msg.1)>) ) @ #vk.24 )
                                  case Reveal_NodeState
                                  solve( !KU( aenc(~ps_a, pk(node_sk(h(~ps_a.1)))) ) @ #vk.29 )
                                    case c_aenc
                                    by solve( !KU( ~ps_a ) @ #vk.35 )
                                  qed
                                next
                                  case S4_Alice_invites_Charlie_case_1
                                  by solve( !KU( ~sk_c.3 ) @ #vk.33 )
                                next
                                  case S4_Alice_invites_Charlie_case_2
                                  by solve( !KU( ~sk_c.3 ) @ #vk.33 )
                                next
                                  case c_h
                                  solve( !KU( aenc(~ps_a, pk(node_sk(h(~ps_a.1)))) ) @ #vk.27 )
                                    case c_aenc
                                    by solve( !KU( ~ps_a ) @ #vk.31 )
                                  qed
                                qed
                              qed
                            qed
                          qed
                        next
                          case c_aenc
                          solve( !KU( ~fs_msg.1 ) @ #vk.32 )
                            case FS_Send_epoch_probe
                            solve( !KU( node_sk(h(~ps_a)) ) @ #vk.34 )
                              case c_node_sk
                              solve( !KU( h(~fs_msg.1) ) @ #vk.29 )
                                case Reveal_NodeState
                                by contradiction /* from formulas */
                              next
                                case S4_Alice_invites_Charlie
                                by solve( !KU( ~sk_c.4 ) @ #vk.40 )
                              next
                                case c_h
                                solve( !KU( h(<'ep3', h(~fs_msg.1)>) ) @ #vk.30 )
                                  case Reveal_NodeState
                                  solve( !KU( aenc(~ps_a, pk(node_sk(h(~ps_a.2)))) ) @ #vk.35 )
                                    case c_aenc
                                    by solve( !KU( ~ps_a ) @ #vk.42 )
                                  qed
                                next
                                  case S4_Alice_invites_Charlie_case_1
                                  by solve( !KU( ~sk_c.4 ) @ #vk.40 )
                                next
                                  case S4_Alice_invites_Charlie_case_2
                                  by solve( !KU( ~sk_c.4 ) @ #vk.40 )
                                next
                                  case c_h
                                  solve( !KU( aenc(~ps_a, pk(node_sk(h(~ps_a.2)))) ) @ #vk.33 )
                                    case c_aenc
                                    by solve( !KU( ~ps_a ) @ #vk.38 )
                                  qed
                                qed
                              qed
                            qed
                          qed
                        qed
                      qed
                    next
                      case S3_Bob_update
                      solve( !KU( node_sk(h(h(~ps_b))) ) @ #vk.16 )
                        case c_node_sk
                        solve( !KU( sign(<'Bob', h(~ps_a), joiner>, ~sk_alice.2) ) @ #vk.28 )
                          case S2_Alice_invites_Bob
                          solve( !KU( aenc(h(~ps_b), pk(node_sk(h(~ps_a.1)))) ) @ #vk.19 )
                            case S3_Bob_update
                            solve( !KU( h(h(~ps_b)) ) @ #vk.20 )
                              case Reveal_NodeState
                              by contradiction /* from formulas */
                            next
                              case S4_Alice_invites_Charlie
                              by solve( !KU( ~sk_c.2 ) @ #vk.27 )
                            next
                              case c_h
                              solve( !KU( h(<'ep3', h(h(~ps_b))>) ) @ #vk.21 )
                                case Reveal_NodeState
                                solve( !KU( aenc(<'Bob', h(~ps_a), h(<~epoch0, h(h(~ps_a))>)>,
                                                 pk(~sk_b.1))
                                       ) @ #vk.25 )
                                  case S2_Alice_invites_Bob
                                  solve( !KU( h(~ps_b) ) @ #vk.26 )
                                    case Reveal_NodeState
                                    solve( !KU( aenc(<'ep3', h(h(~ps_b))>, pk(node_sk(h(~ps_a.1))))
                                           ) @ #vk.31 )
                                      case c_aenc
                                      solve( !KU( aenc(~ps_b, pk(node_sk(h(~ps_a.2)))) ) @ #vk.35 )
                                        case c_aenc
                                        by solve( !KU( ~ps_b ) @ #vk.39 )
                                      qed
                                    qed
                                  next
                                    case S3_Bob_update
                                    solve( !KU( node_sk(h(~ps_a)) ) @ #vk.30 )
                                      case c_node_sk
                                      solve( !KU( aenc(<'ep3', h(h(~ps_b))>, pk(node_sk(h(~ps_a.1))))
                                             ) @ #vk.29 )
                                        case c_aenc
                                        solve( !KU( h(~ps_a) ) @ #vk.32 )
                                          case Reveal_NodeState
                                          solve( !KU( pk(node_sk(h(~ps_a.1))) ) @ #vk.36 )
                                            case c_pk
                                            solve( !KU( node_sk(h(~ps_a.1)) ) @ #vk.41 )
                                              case c_node_sk
                                              solve( !KU( aenc(~ps_a, pk(node_sk(h(~ps_a.2)))) ) @ #vk.40 )
                                                case c_aenc
                                                by solve( !KU( ~ps_a ) @ #vk.43 )
                                              qed
                                            qed
                                          qed
                                        next
                                          case S2_Alice_invites_Bob
                                          by solve( !KU( ~sk_b ) @ #vk.35 )
                                        next
                                          case S4_Alice_invites_Charlie
                                          by solve( !KU( ~sk_c.3 ) @ #vk.39 )
                                        next
                                          case c_h
                                          by solve( !KU( ~ps_a ) @ #vk.35 )
                                        qed
                                      qed
                                    qed
                                  next
                                    case S4_Alice_invites_Charlie
                                    by solve( !KU( ~sk_c.3 ) @ #vk.34 )
                                  next
                                    case c_h
                                    by solve( !KU( ~ps_b ) @ #vk.30 )
                                  qed
                                next
                                  case c_aenc
                                  solve( !KU( h(~ps_b) ) @ #vk.26 )
                                    case Reveal_NodeState
                                    solve( !KU( aenc(<'ep3', h(h(~ps_b))>, pk(node_sk(h(~ps_a.1))))
                                           ) @ #vk.31 )
                                      case c_aenc
                                      solve( !KU( h(~ps_a) ) @ #vk.38 )
                                        case Reveal_NodeState
                                        solve( !KU( h(<~epoch0, h(h(~ps_a))>) ) @ #vk.42 )
                                          case Reveal_NodeState
                                          solve( !KU( aenc(~ps_b, pk(node_sk(h(~ps_a.2)))) ) @ #vk.47 )
                                            case c_aenc
                                            by solve( !KU( ~ps_b ) @ #vk.57 )
                                          qed
                                        next
                                          case S2_Alice_invites_Bob
                                          by solve( !KU( ~sk_b ) @ #vk.51 )
                                        next
                                          case S4_Alice_invites_Charlie
                                          by solve( !KU( ~sk_c.5 ) @ #vk.55 )
                                        next
                                          case c_h
                                          by solve( !KU( ~epoch0 ) @ #vk.52 )
                                        qed
                                      next
                                        case S2_Alice_invites_Bob
                                        by solve( !KU( ~sk_b ) @ #vk.45 )
                                      next
                                        case S4_Alice_invites_Charlie
                                        by solve( !KU( ~sk_c.4 ) @ #vk.49 )
                                      next
                                        case c_h
                                        by solve( !KU( ~ps_a ) @ #vk.45 )
                                      qed
                                    qed
                                  next
                                    case S3_Bob_update
                                    solve( !KU( node_sk(h(~ps_a)) ) @ #vk.36 )
                                      case c_node_sk
                                      solve( !KU( aenc(<'ep3', h(h(~ps_b))>, pk(node_sk(h(~ps_a.1))))
                                             ) @ #vk.29 )
                                        case c_aenc
                                        solve( !KU( h(~ps_a) ) @ #vk.36 )
                                          case Reveal_NodeState
                                          solve( !KU( h(<~epoch0, h(h(~ps_a))>) ) @ #vk.40 )
                                            case Reveal_NodeState
                                            solve( !KU( pk(node_sk(h(~ps_a.1))) ) @ #vk.44 )
                                              case c_pk
                                              solve( !KU( node_sk(h(~ps_a.1)) ) @ #vk.52 )
                                                case c_node_sk
                                                solve( !KU( aenc(~ps_a, pk(node_sk(h(~ps_a.2)))) ) @ #vk.48 )
                                                  case c_aenc
                                                  by solve( !KU( ~ps_a ) @ #vk.54 )
                                                qed
                                              qed
                                            qed
                                          next
                                            case S2_Alice_invites_Bob
                                            by solve( !KU( ~sk_b ) @ #vk.46 )
                                          next
                                            case S4_Alice_invites_Charlie
                                            by solve( !KU( ~sk_c.4 ) @ #vk.50 )
                                          next
                                            case c_h
                                            by solve( !KU( ~epoch0 ) @ #vk.47 )
                                          qed
                                        next
                                          case S2_Alice_invites_Bob
                                          by solve( !KU( ~sk_b ) @ #vk.40 )
                                        next
                                          case S4_Alice_invites_Charlie
                                          by solve( !KU( ~sk_c.3 ) @ #vk.44 )
                                        next
                                          case c_h
                                          by solve( !KU( ~ps_a ) @ #vk.40 )
                                        qed
                                      qed
                                    qed
                                  next
                                    case S4_Alice_invites_Charlie
                                    by solve( !KU( ~sk_c.3 ) @ #vk.40 )
                                  next
                                    case c_h
                                    by solve( !KU( ~ps_b ) @ #vk.36 )
                                  qed
                                qed
                              next
                                case S4_Alice_invites_Charlie_case_1
                                by solve( !KU( ~sk_c.2 ) @ #vk.28 )
                              next
                                case S4_Alice_invites_Charlie_case_2
                                by solve( !KU( ~sk_c.2 ) @ #vk.28 )
                              next
                                case c_h
                                solve( !KU( aenc(<'Bob', h(~ps_a), h(<~epoch0, h(h(~ps_a))>)>,
                                                 pk(~sk_b.1))
                                       ) @ #vk.23 )
                                  case S2_Alice_invites_Bob
                                  solve( !KU( h(~ps_b) ) @ #vk.24 )
                                    case Reveal_NodeState
                                    solve( !KU( aenc(~ps_b, pk(node_sk(h(~ps_a.1)))) ) @ #vk.30 )
                                      case c_aenc
                                      by solve( !KU( ~ps_b ) @ #vk.32 )
                                    qed
                                  next
                                    case S3_Bob_update
                                    solve( !KU( node_sk(h(~ps_a)) ) @ #vk.26 )
                                      case c_node_sk
                                      solve( !KU( h(~ps_a) ) @ #vk.27 )
                                        case Reveal_NodeState
                                        solve( !KU( aenc(~ps_a, pk(node_sk(h(~ps_a.1)))) ) @ #vk.32 )
                                          case c_aenc
                                          by solve( !KU( ~ps_a ) @ #vk.34 )
                                        qed
                                      next
                                        case S2_Alice_invites_Bob
                                        by solve( !KU( ~sk_b ) @ #vk.28 )
                                      next
                                        case S4_Alice_invites_Charlie
                                        by solve( !KU( ~sk_c.2 ) @ #vk.32 )
                                      next
                                        case c_h
                                        by solve( !KU( ~ps_a ) @ #vk.28 )
                                      qed
                                    qed
                                  next
                                    case S4_Alice_invites_Charlie
                                    by solve( !KU( ~sk_c.2 ) @ #vk.30 )
                                  next
                                    case c_h
                                    by solve( !KU( ~ps_b ) @ #vk.26 )
                                  qed
                                next
                                  case c_aenc
                                  solve( !KU( h(~ps_b) ) @ #vk.24 )
                                    case Reveal_NodeState
                                    solve( !KU( h(~ps_a) ) @ #vk.33 )
                                      case Reveal_NodeState
                                      solve( !KU( h(<~epoch0, h(h(~ps_a))>) ) @ #vk.37 )
                                        case Reveal_NodeState
                                        solve( !KU( aenc(~ps_b, pk(node_sk(h(~ps_a.1)))) ) @ #vk.42 )
                                          case c_aenc
                                          by solve( !KU( ~ps_b ) @ #vk.50 )
                                        qed
                                      next
                                        case S2_Alice_invites_Bob
                                        by solve( !KU( ~sk_b ) @ #vk.44 )
                                      next
                                        case S4_Alice_invites_Charlie
                                        by solve( !KU( ~sk_c.4 ) @ #vk.48 )
                                      next
                                        case c_h
                                        by solve( !KU( ~epoch0 ) @ #vk.45 )
                                      qed
                                    next
                                      case S2_Alice_invites_Bob
                                      by solve( !KU( ~sk_b ) @ #vk.38 )
                                    next
                                      case S4_Alice_invites_Charlie
                                      by solve( !KU( ~sk_c.3 ) @ #vk.42 )
                                    next
                                      case c_h
                                      by solve( !KU( ~ps_a ) @ #vk.38 )
                                    qed
                                  next
                                    case S3_Bob_update
                                    solve( !KU( node_sk(h(~ps_a)) ) @ #vk.32 )
                                      case c_node_sk
                                      solve( !KU( h(~ps_a) ) @ #vk.31 )
                                        case Reveal_NodeState
                                        solve( !KU( h(<~epoch0, h(h(~ps_a))>) ) @ #vk.35 )
                                          case Reveal_NodeState
                                          solve( !KU( aenc(~ps_a, pk(node_sk(h(~ps_a.1)))) ) @ #vk.40 )
                                            case c_aenc
                                            by solve( !KU( ~ps_a ) @ #vk.45 )
                                          qed
                                        next
                                          case S2_Alice_invites_Bob
                                          by solve( !KU( ~sk_b ) @ #vk.39 )
                                        next
                                          case S4_Alice_invites_Charlie
                                          by solve( !KU( ~sk_c.3 ) @ #vk.43 )
                                        next
                                          case c_h
                                          by solve( !KU( ~epoch0 ) @ #vk.40 )
                                        qed
                                      next
                                        case S2_Alice_invites_Bob
                                        by solve( !KU( ~sk_b ) @ #vk.33 )
                                      next
                                        case S4_Alice_invites_Charlie
                                        by solve( !KU( ~sk_c.2 ) @ #vk.37 )
                                      next
                                        case c_h
                                        by solve( !KU( ~ps_a ) @ #vk.33 )
                                      qed
                                    qed
                                  next
                                    case S4_Alice_invites_Charlie
                                    by solve( !KU( ~sk_c.2 ) @ #vk.36 )
                                  next
                                    case c_h
                                    by solve( !KU( ~ps_b ) @ #vk.32 )
                                  qed
                                qed
                              qed
                            qed
                          next
                            case c_aenc
                            solve( !KU( h(h(~ps_b)) ) @ #vk.26 )
                              case Reveal_NodeState
                              by contradiction /* from formulas */
                            next
                              case S4_Alice_invites_Charlie
                              by solve( !KU( ~sk_c.3 ) @ #vk.35 )
                            next
                              case c_h
                              solve( !KU( h(<'ep3', h(h(~ps_b))>) ) @ #vk.27 )
                                case Reveal_NodeState
                                solve( !KU( aenc(<'Bob', h(~ps_a), h(<~epoch0, h(h(~ps_a))>)>,
                                                 pk(~sk_b.2))
                                       ) @ #vk.31 )
                                  case S2_Alice_invites_Bob
                                  solve( !KU( h(~ps_b) ) @ #vk.32 )
                                    case Reveal_NodeState
                                    solve( !KU( pk(node_sk(h(~ps_a.1))) ) @ #vk.36 )
                                      case c_pk
                                      solve( !KU( node_sk(h(~ps_a.1)) ) @ #vk.43 )
                                        case c_node_sk
                                        solve( !KU( aenc(<'ep3', h(h(~ps_b))>, pk(node_sk(h(~ps_a.2))))
                                               ) @ #vk.39 )
                                          case c_aenc
                                          solve( !KU( aenc(~ps_b, pk(node_sk(h(~ps_a.3)))) ) @ #vk.43 )
                                            case c_aenc
                                            by solve( !KU( ~ps_b ) @ #vk.48 )
                                          qed
                                        qed
                                      qed
                                    qed
                                  next
                                    case S3_Bob_update
                                    solve( !KU( node_sk(h(~ps_a)) ) @ #vk.37 )
                                      case c_node_sk
                                      solve( !KU( pk(node_sk(h(~ps_a.1))) ) @ #vk.34 )
                                        case c_pk
                                        solve( !KU( node_sk(h(~ps_a.1)) ) @ #vk.39 )
                                          case c_node_sk
                                          solve( !KU( aenc(<'ep3', h(h(~ps_b))>, pk(node_sk(h(~ps_a.2))))
                                                 ) @ #vk.37 )
                                            case c_aenc
                                            solve( !KU( h(~ps_a) ) @ #vk.40 )
                                              case Reveal_NodeState
                                              solve( !KU( h(~ps_a.1) ) @ #vk.44 )
                                                case Reveal_NodeState
                                                solve( !KU( pk(node_sk(h(~ps_a.2))) ) @ #vk.48 )
                                                  case c_pk
                                                  solve( !KU( node_sk(h(~ps_a.2)) ) @ #vk.56 )
                                                    case c_node_sk
                                                    solve( !KU( aenc(~ps_a, pk(node_sk(h(~ps_a.3))))
                                                           ) @ #vk.52 )
                                                      case c_aenc
                                                      by solve( !KU( ~ps_a ) @ #vk.58 )
                                                    qed
                                                  qed
                                                qed
                                              next
                                                case S2_Alice_invites_Bob
                                                by solve( !KU( ~sk_b.1 ) @ #vk.50 )
                                              next
                                                case S4_Alice_invites_Charlie
                                                by solve( !KU( ~sk_c.5 ) @ #vk.54 )
                                              next
                                                case c_h
                                                by solve( !KU( ~ps_a.1 ) @ #vk.50 )
                                              qed
                                            next
                                              case S2_Alice_invites_Bob
                                              by solve( !KU( ~sk_b ) @ #vk.44 )
                                            next
                                              case S4_Alice_invites_Charlie
                                              by solve( !KU( ~sk_c.4 ) @ #vk.48 )
                                            next
                                              case c_h
                                              by solve( !KU( ~ps_a ) @ #vk.44 )
                                            qed
                                          qed
                                        qed
                                      qed
                                    qed
                                  next
                                    case S4_Alice_invites_Charlie
                                    by solve( !KU( ~sk_c.4 ) @ #vk.41 )
                                  next
                                    case c_h
                                    by solve( !KU( ~ps_b ) @ #vk.37 )
                                  qed
                                next
                                  case c_aenc
                                  solve( !KU( h(~ps_b) ) @ #vk.32 )
                                    case Reveal_NodeState
                                    solve( !KU( pk(node_sk(h(~ps_a.1))) ) @ #vk.36 )
                                      case c_pk
                                      solve( !KU( node_sk(h(~ps_a.1)) ) @ #vk.49 )
                                        case c_node_sk
                                        solve( !KU( aenc(<'ep3', h(h(~ps_b))>, pk(node_sk(h(~ps_a.2))))
                                               ) @ #vk.39 )
                                          case c_aenc
                                          solve( !KU( h(~ps_a) ) @ #vk.46 )
                                            case Reveal_NodeState
                                            solve( !KU( h(<~epoch0, h(h(~ps_a))>) ) @ #vk.50 )
                                              case Reveal_NodeState
                                              solve( !KU( aenc(~ps_b, pk(node_sk(h(~ps_a.3)))) ) @ #vk.55 )
                                                case c_aenc
                                                by solve( !KU( ~ps_b ) @ #vk.66 )
                                              qed
                                            next
                                              case S2_Alice_invites_Bob
                                              by solve( !KU( ~sk_b ) @ #vk.60 )
                                            next
                                              case S4_Alice_invites_Charlie
                                              by solve( !KU( ~sk_c.6 ) @ #vk.64 )
                                            next
                                              case c_h
                                              by solve( !KU( ~epoch0 ) @ #vk.61 )
                                            qed
                                          next
                                            case S2_Alice_invites_Bob
                                            by solve( !KU( ~sk_b ) @ #vk.54 )
                                          next
                                            case S4_Alice_invites_Charlie
                                            by solve( !KU( ~sk_c.5 ) @ #vk.58 )
                                          next
                                            case c_h
                                            by solve( !KU( ~ps_a ) @ #vk.54 )
                                          qed
                                        qed
                                      qed
                                    qed
                                  next
                                    case S3_Bob_update
                                    solve( !KU( node_sk(h(~ps_a)) ) @ #vk.43 )
                                      case c_node_sk
                                      solve( !KU( pk(node_sk(h(~ps_a.1))) ) @ #vk.34 )
                                        case c_pk
                                        solve( !KU( node_sk(h(~ps_a.1)) ) @ #vk.44 )
                                          case c_node_sk
                                          solve( !KU( aenc(<'ep3', h(h(~ps_b))>, pk(node_sk(h(~ps_a.2))))
                                                 ) @ #vk.37 )
                                            case c_aenc
                                            solve( !KU( h(~ps_a) ) @ #vk.44 )
                                              case Reveal_NodeState
                                              solve( !KU( h(<~epoch0, h(h(~ps_a))>) ) @ #vk.48 )
                                                case Reveal_NodeState
                                                solve( !KU( h(~ps_a.1) ) @ #vk.52 )
                                                  case Reveal_NodeState
                                                  solve( !KU( pk(node_sk(h(~ps_a.2))) ) @ #vk.56 )
                                                    case c_pk
                                                    solve( !KU( node_sk(h(~ps_a.2)) ) @ #vk.67 )
                                                      case c_node_sk
                                                      solve( !KU( aenc(~ps_a, pk(node_sk(h(~ps_a.3))))
                                                             ) @ #vk.60 )
                                                        case c_aenc
                                                        by solve( !KU( ~ps_a ) @ #vk.69 )
                                                      qed
                                                    qed
                                                  qed
                                                next
                                                  case S2_Alice_invites_Bob
                                                  by solve( !KU( ~sk_b.2 ) @ #vk.61 )
                                                next
                                                  case S4_Alice_invites_Charlie
                                                  by solve( !KU( ~sk_c.6 ) @ #vk.65 )
                                                next
                                                  case c_h
                                                  by solve( !KU( ~ps_a.1 ) @ #vk.61 )
                                                qed
                                              next
                                                case S2_Alice_invites_Bob
                                                by solve( !KU( ~sk_b ) @ #vk.55 )
                                              next
                                                case S4_Alice_invites_Charlie
                                                by solve( !KU( ~sk_c.5 ) @ #vk.59 )
                                              next
                                                case c_h
                                                by solve( !KU( ~epoch0 ) @ #vk.56 )
                                              qed
                                            next
                                              case S2_Alice_invites_Bob
                                              by solve( !KU( ~sk_b ) @ #vk.49 )
                                            next
                                              case S4_Alice_invites_Charlie
                                              by solve( !KU( ~sk_c.4 ) @ #vk.53 )
                                            next
                                              case c_h
                                              by solve( !KU( ~ps_a ) @ #vk.49 )
                                            qed
                                          qed
                                        qed
                                      qed
                                    qed
                                  next
                                    case S4_Alice_invites_Charlie
                                    by solve( !KU( ~sk_c.4 ) @ #vk.47 )
                                  next
                                    case c_h
                                    by solve( !KU( ~ps_b ) @ #vk.43 )
                                  qed
                                qed
                              next
                                case S4_Alice_invites_Charlie_case_1
                                by solve( !KU( ~sk_c.3 ) @ #vk.35 )
                              next
                                case S4_Alice_invites_Charlie_case_2
                                by solve( !KU( ~sk_c.3 ) @ #vk.35 )
                              next
                                case c_h
                                solve( !KU( aenc(<'Bob', h(~ps_a), h(<~epoch0, h(h(~ps_a))>)>,
                                                 pk(~sk_b.2))
                                       ) @ #vk.29 )
                                  case S2_Alice_invites_Bob
                                  solve( !KU( h(~ps_b) ) @ #vk.30 )
                                    case Reveal_NodeState
                                    solve( !KU( pk(node_sk(h(~ps_a.1))) ) @ #vk.34 )
                                      case c_pk
                                      solve( !KU( node_sk(h(~ps_a.1)) ) @ #vk.39 )
                                        case c_node_sk
                                        solve( !KU( aenc(~ps_b, pk(node_sk(h(~ps_a.2)))) ) @ #vk.38 )
                                          case c_aenc
                                          by solve( !KU( ~ps_b ) @ #vk.41 )
                                        qed
                                      qed
                                    qed
                                  next
                                    case S3_Bob_update
                                    solve( !KU( node_sk(h(~ps_a)) ) @ #vk.33 )
                                      case c_node_sk
                                      solve( !KU( pk(node_sk(h(~ps_a.1))) ) @ #vk.32 )
                                        case c_pk
                                        solve( !KU( node_sk(h(~ps_a.1)) ) @ #vk.35 )
                                          case c_node_sk
                                          solve( !KU( h(~ps_a) ) @ #vk.35 )
                                            case Reveal_NodeState
                                            solve( !KU( h(~ps_a.1) ) @ #vk.39 )
                                              case Reveal_NodeState
                                              solve( !KU( aenc(~ps_a, pk(node_sk(h(~ps_a.2)))) ) @ #vk.44 )
                                                case c_aenc
                                                by solve( !KU( ~ps_a ) @ #vk.49 )
                                              qed
                                            next
                                              case S2_Alice_invites_Bob
                                              by solve( !KU( ~sk_b.1 ) @ #vk.43 )
                                            next
                                              case S4_Alice_invites_Charlie
                                              by solve( !KU( ~sk_c.4 ) @ #vk.47 )
                                            next
                                              case c_h
                                              by solve( !KU( ~ps_a.1 ) @ #vk.43 )
                                            qed
                                          next
                                            case S2_Alice_invites_Bob
                                            by solve( !KU( ~sk_b ) @ #vk.37 )
                                          next
                                            case S4_Alice_invites_Charlie
                                            by solve( !KU( ~sk_c.3 ) @ #vk.41 )
                                          next
                                            case c_h
                                            by solve( !KU( ~ps_a ) @ #vk.37 )
                                          qed
                                        qed
                                      qed
                                    qed
                                  next
                                    case S4_Alice_invites_Charlie
                                    by solve( !KU( ~sk_c.3 ) @ #vk.37 )
                                  next
                                    case c_h
                                    by solve( !KU( ~ps_b ) @ #vk.33 )
                                  qed
                                next
                                  case c_aenc
                                  solve( !KU( h(~ps_b) ) @ #vk.30 )
                                    case Reveal_NodeState
                                    solve( !KU( pk(node_sk(h(~ps_a.1))) ) @ #vk.34 )
                                      case c_pk
                                      solve( !KU( node_sk(h(~ps_a.1)) ) @ #vk.45 )
                                        case c_node_sk
                                        solve( !KU( h(~ps_a) ) @ #vk.41 )
                                          case Reveal_NodeState
                                          solve( !KU( h(<~epoch0, h(h(~ps_a))>) ) @ #vk.45 )
                                            case Reveal_NodeState
                                            solve( !KU( aenc(~ps_b, pk(node_sk(h(~ps_a.2)))) ) @ #vk.50 )
                                              case c_aenc
                                              by solve( !KU( ~ps_b ) @ #vk.59 )
                                            qed
                                          next
                                            case S2_Alice_invites_Bob
                                            by solve( !KU( ~sk_b ) @ #vk.53 )
                                          next
                                            case S4_Alice_invites_Charlie
                                            by solve( !KU( ~sk_c.5 ) @ #vk.57 )
                                          next
                                            case c_h
                                            by solve( !KU( ~epoch0 ) @ #vk.54 )
                                          qed
                                        next
                                          case S2_Alice_invites_Bob
                                          by solve( !KU( ~sk_b ) @ #vk.47 )
                                        next
                                          case S4_Alice_invites_Charlie
                                          by solve( !KU( ~sk_c.4 ) @ #vk.51 )
                                        next
                                          case c_h
                                          by solve( !KU( ~ps_a ) @ #vk.47 )
                                        qed
                                      qed
                                    qed
                                  next
                                    case S3_Bob_update
                                    solve( !KU( node_sk(h(~ps_a)) ) @ #vk.39 )
                                      case c_node_sk
                                      solve( !KU( pk(node_sk(h(~ps_a.1))) ) @ #vk.32 )
                                        case c_pk
                                        solve( !KU( node_sk(h(~ps_a.1)) ) @ #vk.40 )
                                          case c_node_sk
                                          solve( !KU( h(~ps_a) ) @ #vk.39 )
                                            case Reveal_NodeState
                                            solve( !KU( h(<~epoch0, h(h(~ps_a))>) ) @ #vk.43 )
                                              case Reveal_NodeState
                                              solve( !KU( h(~ps_a.1) ) @ #vk.47 )
                                                case Reveal_NodeState
                                                solve( !KU( aenc(~ps_a, pk(node_sk(h(~ps_a.2)))) ) @ #vk.52 )
                                                  case c_aenc
                                                  by solve( !KU( ~ps_a ) @ #vk.60 )
                                                qed
                                              next
                                                case S2_Alice_invites_Bob
                                                by solve( !KU( ~sk_b.2 ) @ #vk.54 )
                                              next
                                                case S4_Alice_invites_Charlie
                                                by solve( !KU( ~sk_c.5 ) @ #vk.58 )
                                              next
                                                case c_h
                                                by solve( !KU( ~ps_a.1 ) @ #vk.54 )
                                              qed
                                            next
                                              case S2_Alice_invites_Bob
                                              by solve( !KU( ~sk_b ) @ #vk.48 )
                                            next
                                              case S4_Alice_invites_Charlie
                                              by solve( !KU( ~sk_c.4 ) @ #vk.52 )
                                            next
                                              case c_h
                                              by solve( !KU( ~epoch0 ) @ #vk.49 )
                                            qed
                                          next
                                            case S2_Alice_invites_Bob
                                            by solve( !KU( ~sk_b ) @ #vk.42 )
                                          next
                                            case S4_Alice_invites_Charlie
                                            by solve( !KU( ~sk_c.3 ) @ #vk.46 )
                                          next
                                            case c_h
                                            by solve( !KU( ~ps_a ) @ #vk.42 )
                                          qed
                                        qed
                                      qed
                                    qed
                                  next
                                    case S4_Alice_invites_Charlie
                                    by solve( !KU( ~sk_c.3 ) @ #vk.43 )
                                  next
                                    case c_h
                                    by solve( !KU( ~ps_b ) @ #vk.39 )
                                  qed
                                qed
                              qed
                            qed
                          qed
                        next
                          case c_sign
                          by solve( !KU( ~sk_alice.2 ) @ #vk.30 )
                        qed
                      qed
                    next
                      case c_aenc
                      solve( !KU( aenc(ps_x_new, pk(node_sk(h(~ps_a.1)))) ) @ #vk.18 )
                        case FS_Send_epoch_probe
                        solve( !KU( ~fs_msg.1 ) @ #vk.29 )
                          case FS_Send_epoch_probe
                          solve( !KU( node_sk(h(~fs_msg.1)) ) @ #vk.21 )
                            case c_node_sk
                            solve( !KU( node_sk(h(~ps_a.1)) ) @ #vk.34 )
                              case c_node_sk
                              solve( !KU( h(~fs_msg.1) ) @ #vk.29 )
                                case Reveal_NodeState
                                by contradiction /* from formulas */
                              next
                                case S4_Alice_invites_Charlie
                                by solve( !KU( ~sk_c.4 ) @ #vk.40 )
                              next
                                case c_h
                                solve( !KU( h(<'ep3', h(~fs_msg.1)>) ) @ #vk.30 )
                                  case Reveal_NodeState
                                  solve( !KU( pk(node_sk(h(~ps_a))) ) @ #vk.34 )
                                    case c_pk
                                    solve( !KU( node_sk(h(~ps_a)) ) @ #vk.42 )
                                      case c_node_sk
                                      solve( !KU( aenc(~ps_a.1, pk(node_sk(h(~ps_a.2)))) ) @ #vk.37 )
                                        case c_aenc
                                        by solve( !KU( ~ps_a.1 ) @ #vk.44 )
                                      qed
                                    qed
                                  qed
                                next
                                  case S4_Alice_invites_Charlie_case_1
                                  by solve( !KU( ~sk_c.4 ) @ #vk.40 )
                                next
                                  case S4_Alice_invites_Charlie_case_2
                                  by solve( !KU( ~sk_c.4 ) @ #vk.40 )
                                next
                                  case c_h
                                  solve( !KU( pk(node_sk(h(~ps_a))) ) @ #vk.32 )
                                    case c_pk
                                    solve( !KU( node_sk(h(~ps_a)) ) @ #vk.38 )
                                      case c_node_sk
                                      solve( !KU( aenc(~ps_a.1, pk(node_sk(h(~ps_a.2)))) ) @ #vk.35 )
                                        case c_aenc
                                        by solve( !KU( ~ps_a.1 ) @ #vk.40 )
                                      qed
                                    qed
                                  qed
                                qed
                              qed
                            qed
                          qed
                        qed
                      next
                        case S3_Bob_update
                        solve( !KU( node_sk(h(h(~ps_b))) ) @ #vk.17 )
                          case c_node_sk
                          solve( !KU( sign(<'Bob', h(~ps_a.1), joiner>, ~sk_alice.2) ) @ #vk.30 )
                            case S2_Alice_invites_Bob
                            solve( !KU( h(h(~ps_b)) ) @ #vk.25 )
                              case Reveal_NodeState
                              by contradiction /* from formulas */
                            next
                              case S4_Alice_invites_Charlie
                              by solve( !KU( ~sk_c.3 ) @ #vk.35 )
                            next
                              case c_h
                              solve( !KU( h(<'ep3', h(h(~ps_b))>) ) @ #vk.27 )
                                case Reveal_NodeState
                                solve( !KU( pk(node_sk(h(~ps_a))) ) @ #vk.32 )
                                  case c_pk
                                  solve( !KU( node_sk(h(~ps_a)) ) @ #vk.37 )
                                    case c_node_sk
                                    solve( !KU( aenc(<'Bob', h(~ps_a.1), h(<~epoch0.1, h(h(~ps_a.1))>)>,
                                                     pk(~sk_b.2))
                                           ) @ #vk.34 )
                                      case S2_Alice_invites_Bob
                                      solve( !KU( h(~ps_b) ) @ #vk.34 )
                                        case Reveal_NodeState
                                        solve( !KU( aenc(<'ep3', h(h(~ps_b))>, pk(node_sk(h(~ps_a.2))))
                                               ) @ #vk.39 )
                                          case c_aenc
                                          solve( !KU( h(~ps_a) ) @ #vk.42 )
                                            case Reveal_NodeState
                                            solve( !KU( aenc(~ps_b, pk(node_sk(h(~ps_a.3)))) ) @ #vk.47 )
                                              case c_aenc
                                              by solve( !KU( ~ps_b ) @ #vk.54 )
                                            qed
                                          next
                                            case S2_Alice_invites_Bob
                                            by solve( !KU( ~sk_b.1 ) @ #vk.48 )
                                          next
                                            case S4_Alice_invites_Charlie
                                            by solve( !KU( ~sk_c.5 ) @ #vk.52 )
                                          next
                                            case c_h
                                            by solve( !KU( ~ps_a ) @ #vk.48 )
                                          qed
                                        qed
                                      next
                                        case S3_Bob_update
                                        solve( !KU( node_sk(h(~ps_a.1)) ) @ #vk.39 )
                                          case c_node_sk
                                          solve( !KU( aenc(<'ep3', h(h(~ps_b))>, pk(node_sk(h(~ps_a.2))))
                                                 ) @ #vk.37 )
                                            case c_aenc
                                            solve( !KU( h(~ps_a) ) @ #vk.40 )
                                              case Reveal_NodeState
                                              solve( !KU( h(~ps_a.1) ) @ #vk.44 )
                                                case Reveal_NodeState
                                                solve( !KU( pk(node_sk(h(~ps_a.2))) ) @ #vk.48 )
                                                  case c_pk
                                                  solve( !KU( node_sk(h(~ps_a.2)) ) @ #vk.56 )
                                                    case c_node_sk
                                                    solve( !KU( aenc(~ps_a, pk(node_sk(h(~ps_a.3))))
                                                           ) @ #vk.52 )
                                                      case c_aenc
                                                      by solve( !KU( ~ps_a ) @ #vk.58 )
                                                    qed
                                                  qed
                                                qed
                                              next
                                                case S2_Alice_invites_Bob
                                                by solve( !KU( ~sk_b ) @ #vk.50 )
                                              next
                                                case S4_Alice_invites_Charlie
                                                by solve( !KU( ~sk_c.5 ) @ #vk.54 )
                                              next
                                                case c_h
                                                by solve( !KU( ~ps_a.1 ) @ #vk.50 )
                                              qed
                                            next
                                              case S2_Alice_invites_Bob
                                              by solve( !KU( ~sk_b.1 ) @ #vk.44 )
                                            next
                                              case S4_Alice_invites_Charlie
                                              by solve( !KU( ~sk_c.4 ) @ #vk.48 )
                                            next
                                              case c_h
                                              by solve( !KU( ~ps_a ) @ #vk.44 )
                                            qed
                                          qed
                                        qed
                                      next
                                        case S4_Alice_invites_Charlie
                                        by solve( !KU( ~sk_c.4 ) @ #vk.43 )
                                      next
                                        case c_h
                                        by solve( !KU( ~ps_b ) @ #vk.39 )
                                      qed
                                    next
                                      case c_aenc
                                      solve( !KU( h(~ps_b) ) @ #vk.34 )
                                        case Reveal_NodeState
                                        solve( !KU( aenc(<'ep3', h(h(~ps_b))>, pk(node_sk(h(~ps_a.2))))
                                               ) @ #vk.39 )
                                          case c_aenc
                                          solve( !KU( h(~ps_a) ) @ #vk.42 )
                                            case Reveal_NodeState
                                            solve( !KU( h(~ps_a.1) ) @ #vk.50 )
                                              case Reveal_NodeState
                                              solve( !KU( h(<~epoch0.1, h(h(~ps_a.1))>) ) @ #vk.54 )
                                                case Reveal_NodeState
                                                solve( !KU( aenc(~ps_b, pk(node_sk(h(~ps_a.3)))) ) @ #vk.59 )
                                                  case c_aenc
                                                  by solve( !KU( ~ps_b ) @ #vk.72 )
                                                qed
                                              next
                                                case S2_Alice_invites_Bob
                                                by solve( !KU( ~sk_b ) @ #vk.66 )
                                              next
                                                case S4_Alice_invites_Charlie
                                                by solve( !KU( ~sk_c.7 ) @ #vk.70 )
                                              next
                                                case c_h
                                                by solve( !KU( ~epoch0.1 ) @ #vk.67 )
                                              qed
                                            next
                                              case S2_Alice_invites_Bob
                                              by solve( !KU( ~sk_b ) @ #vk.60 )
                                            next
                                              case S4_Alice_invites_Charlie
                                              by solve( !KU( ~sk_c.6 ) @ #vk.64 )
                                            next
                                              case c_h
                                              by solve( !KU( ~ps_a.1 ) @ #vk.60 )
                                            qed
                                          next
                                            case S2_Alice_invites_Bob
                                            by solve( !KU( ~sk_b.1 ) @ #vk.54 )
                                          next
                                            case S4_Alice_invites_Charlie
                                            by solve( !KU( ~sk_c.5 ) @ #vk.58 )
                                          next
                                            case c_h
                                            by solve( !KU( ~ps_a ) @ #vk.54 )
                                          qed
                                        qed
                                      next
                                        case S3_Bob_update
                                        solve( !KU( node_sk(h(~ps_a.1)) ) @ #vk.45 )
                                          case c_node_sk
                                          solve( !KU( aenc(<'ep3', h(h(~ps_b))>, pk(node_sk(h(~ps_a.2))))
                                                 ) @ #vk.37 )
                                            case c_aenc
                                            solve( !KU( h(~ps_a) ) @ #vk.40 )
                                              case Reveal_NodeState
                                              solve( !KU( h(~ps_a.1) ) @ #vk.48 )
                                                case Reveal_NodeState
                                                solve( !KU( h(<~epoch0.1, h(h(~ps_a.1))>) ) @ #vk.52 )
                                                  case Reveal_NodeState
                                                  solve( !KU( pk(node_sk(h(~ps_a.2))) ) @ #vk.56 )
                                                    case c_pk
                                                    solve( !KU( node_sk(h(~ps_a.2)) ) @ #vk.67 )
                                                      case c_node_sk
                                                      solve( !KU( aenc(~ps_a, pk(node_sk(h(~ps_a.3))))
                                                             ) @ #vk.60 )
                                                        case c_aenc
                                                        by solve( !KU( ~ps_a ) @ #vk.69 )
                                                      qed
                                                    qed
                                                  qed
                                                next
                                                  case S2_Alice_invites_Bob
                                                  by solve( !KU( ~sk_b ) @ #vk.61 )
                                                next
                                                  case S4_Alice_invites_Charlie
                                                  by solve( !KU( ~sk_c.6 ) @ #vk.65 )
                                                next
                                                  case c_h
                                                  by solve( !KU( ~epoch0.1 ) @ #vk.62 )
                                                qed
                                              next
                                                case S2_Alice_invites_Bob
                                                by solve( !KU( ~sk_b ) @ #vk.55 )
                                              next
                                                case S4_Alice_invites_Charlie
                                                by solve( !KU( ~sk_c.5 ) @ #vk.59 )
                                              next
                                                case c_h
                                                by solve( !KU( ~ps_a.1 ) @ #vk.55 )
                                              qed
                                            next
                                              case S2_Alice_invites_Bob
                                              by solve( !KU( ~sk_b.1 ) @ #vk.49 )
                                            next
                                              case S4_Alice_invites_Charlie
                                              by solve( !KU( ~sk_c.4 ) @ #vk.53 )
                                            next
                                              case c_h
                                              by solve( !KU( ~ps_a ) @ #vk.49 )
                                            qed
                                          qed
                                        qed
                                      next
                                        case S4_Alice_invites_Charlie
                                        by solve( !KU( ~sk_c.4 ) @ #vk.49 )
                                      next
                                        case c_h
                                        by solve( !KU( ~ps_b ) @ #vk.45 )
                                      qed
                                    qed
                                  qed
                                qed
                              next
                                case S4_Alice_invites_Charlie_case_1
                                by solve( !KU( ~sk_c.3 ) @ #vk.35 )
                              next
                                case S4_Alice_invites_Charlie_case_2
                                by solve( !KU( ~sk_c.3 ) @ #vk.35 )
                              next
                                case c_h
                                solve( !KU( pk(node_sk(h(~ps_a))) ) @ #vk.30 )
                                  case c_pk
                                  solve( !KU( node_sk(h(~ps_a)) ) @ #vk.33 )
                                    case c_node_sk
                                    solve( !KU( aenc(<'Bob', h(~ps_a.1), h(<~epoch0.1, h(h(~ps_a.1))>)>,
                                                     pk(~sk_b.2))
                                           ) @ #vk.32 )
                                      case S2_Alice_invites_Bob
                                      solve( !KU( h(~ps_b) ) @ #vk.32 )
                                        case Reveal_NodeState
                                        solve( !KU( h(~ps_a) ) @ #vk.37 )
                                          case Reveal_NodeState
                                          solve( !KU( aenc(~ps_b, pk(node_sk(h(~ps_a.2)))) ) @ #vk.42 )
                                            case c_aenc
                                            by solve( !KU( ~ps_b ) @ #vk.47 )
                                          qed
                                        next
                                          case S2_Alice_invites_Bob
                                          by solve( !KU( ~sk_b.1 ) @ #vk.41 )
                                        next
                                          case S4_Alice_invites_Charlie
                                          by solve( !KU( ~sk_c.4 ) @ #vk.45 )
                                        next
                                          case c_h
                                          by solve( !KU( ~ps_a ) @ #vk.41 )
                                        qed
                                      next
                                        case S3_Bob_update
                                        solve( !KU( node_sk(h(~ps_a.1)) ) @ #vk.35 )
                                          case c_node_sk
                                          solve( !KU( h(~ps_a) ) @ #vk.35 )
                                            case Reveal_NodeState
                                            solve( !KU( h(~ps_a.1) ) @ #vk.39 )
                                              case Reveal_NodeState
                                              solve( !KU( aenc(~ps_a, pk(node_sk(h(~ps_a.2)))) ) @ #vk.44 )
                                                case c_aenc
                                                by solve( !KU( ~ps_a ) @ #vk.49 )
                                              qed
                                            next
                                              case S2_Alice_invites_Bob
                                              by solve( !KU( ~sk_b ) @ #vk.43 )
                                            next
                                              case S4_Alice_invites_Charlie
                                              by solve( !KU( ~sk_c.4 ) @ #vk.47 )
                                            next
                                              case c_h
                                              by solve( !KU( ~ps_a.1 ) @ #vk.43 )
                                            qed
                                          next
                                            case S2_Alice_invites_Bob
                                            by solve( !KU( ~sk_b.1 ) @ #vk.37 )
                                          next
                                            case S4_Alice_invites_Charlie
                                            by solve( !KU( ~sk_c.3 ) @ #vk.41 )
                                          next
                                            case c_h
                                            by solve( !KU( ~ps_a ) @ #vk.37 )
                                          qed
                                        qed
                                      next
                                        case S4_Alice_invites_Charlie
                                        by solve( !KU( ~sk_c.3 ) @ #vk.39 )
                                      next
                                        case c_h
                                        by solve( !KU( ~ps_b ) @ #vk.35 )
                                      qed
                                    next
                                      case c_aenc
                                      solve( !KU( h(~ps_b) ) @ #vk.32 )
                                        case Reveal_NodeState
                                        solve( !KU( h(~ps_a) ) @ #vk.37 )
                                          case Reveal_NodeState
                                          solve( !KU( h(~ps_a.1) ) @ #vk.45 )
                                            case Reveal_NodeState
                                            solve( !KU( h(<~epoch0.1, h(h(~ps_a.1))>) ) @ #vk.49 )
                                              case Reveal_NodeState
                                              solve( !KU( aenc(~ps_b, pk(node_sk(h(~ps_a.2)))) ) @ #vk.54 )
                                                case c_aenc
                                                by solve( !KU( ~ps_b ) @ #vk.65 )
                                              qed
                                            next
                                              case S2_Alice_invites_Bob
                                              by solve( !KU( ~sk_b ) @ #vk.59 )
                                            next
                                              case S4_Alice_invites_Charlie
                                              by solve( !KU( ~sk_c.6 ) @ #vk.63 )
                                            next
                                              case c_h
                                              by solve( !KU( ~epoch0.1 ) @ #vk.60 )
                                            qed
                                          next
                                            case S2_Alice_invites_Bob
                                            by solve( !KU( ~sk_b ) @ #vk.53 )
                                          next
                                            case S4_Alice_invites_Charlie
                                            by solve( !KU( ~sk_c.5 ) @ #vk.57 )
                                          next
                                            case c_h
                                            by solve( !KU( ~ps_a.1 ) @ #vk.53 )
                                          qed
                                        next
                                          case S2_Alice_invites_Bob
                                          by solve( !KU( ~sk_b.1 ) @ #vk.47 )
                                        next
                                          case S4_Alice_invites_Charlie
                                          by solve( !KU( ~sk_c.4 ) @ #vk.51 )
                                        next
                                          case c_h
                                          by solve( !KU( ~ps_a ) @ #vk.47 )
                                        qed
                                      next
                                        case S3_Bob_update
                                        solve( !KU( node_sk(h(~ps_a.1)) ) @ #vk.41 )
                                          case c_node_sk
                                          solve( !KU( h(~ps_a) ) @ #vk.35 )
                                            case Reveal_NodeState
                                            solve( !KU( h(~ps_a.1) ) @ #vk.43 )
                                              case Reveal_NodeState
                                              solve( !KU( h(<~epoch0.1, h(h(~ps_a.1))>) ) @ #vk.47 )
                                                case Reveal_NodeState
                                                solve( !KU( aenc(~ps_a, pk(node_sk(h(~ps_a.2)))) ) @ #vk.52 )
                                                  case c_aenc
                                                  by solve( !KU( ~ps_a ) @ #vk.60 )
                                                qed
                                              next
                                                case S2_Alice_invites_Bob
                                                by solve( !KU( ~sk_b ) @ #vk.54 )
                                              next
                                                case S4_Alice_invites_Charlie
                                                by solve( !KU( ~sk_c.5 ) @ #vk.58 )
                                              next
                                                case c_h
                                                by solve( !KU( ~epoch0.1 ) @ #vk.55 )
                                              qed
                                            next
                                              case S2_Alice_invites_Bob
                                              by solve( !KU( ~sk_b ) @ #vk.48 )
                                            next
                                              case S4_Alice_invites_Charlie
                                              by solve( !KU( ~sk_c.4 ) @ #vk.52 )
                                            next
                                              case c_h
                                              by solve( !KU( ~ps_a.1 ) @ #vk.48 )
                                            qed
                                          next
                                            case S2_Alice_invites_Bob
                                            by solve( !KU( ~sk_b.1 ) @ #vk.42 )
                                          next
                                            case S4_Alice_invites_Charlie
                                            by solve( !KU( ~sk_c.3 ) @ #vk.46 )
                                          next
                                            case c_h
                                            by solve( !KU( ~ps_a ) @ #vk.42 )
                                          qed
                                        qed
                                      next
                                        case S4_Alice_invites_Charlie
                                        by solve( !KU( ~sk_c.3 ) @ #vk.45 )
                                      next
                                        case c_h
                                        by solve( !KU( ~ps_b ) @ #vk.41 )
                                      qed
                                    qed
                                  qed
                                qed
                              qed
                            qed
                          next
                            case c_sign
                            by solve( !KU( ~sk_alice.2 ) @ #vk.32 )
                          qed
                        qed
                      next
                        case c_aenc
                        solve( !KU( pk(node_sk(h(~ps_a))) ) @ #vk.27 )
                          case c_pk
                          solve( !KU( node_sk(h(~ps_a)) ) @ #vk.29 )
                            case c_node_sk
                            solve( !KU( pk(node_sk(h(~ps_a.1))) ) @ #vk.29 )
                              case c_pk
                              solve( !KU( node_sk(h(~ps_a.1)) ) @ #vk.31 )
                                case c_node_sk
                                solve( !KU( h(~ps_a) ) @ #vk.31 )
                                  case Reveal_NodeState
                                  solve( !KU( h(~ps_a.1) ) @ #vk.35 )
                                    case Reveal_NodeState
                                    solve( !KU( aenc(~ps_a, pk(node_sk(h(~ps_a.2)))) ) @ #vk.40 )
                                      case c_aenc
                                      by solve( !KU( ~ps_a ) @ #vk.45 )
                                    qed
                                  next
                                    case S2_Alice_invites_Bob
                                    by solve( !KU( ~sk_b.1 ) @ #vk.39 )
                                  next
                                    case S4_Alice_invites_Charlie
                                    by solve( !KU( ~sk_c.4 ) @ #vk.43 )
                                  next
                                    case c_h
                                    by solve( !KU( ~ps_a.1 ) @ #vk.39 )
                                  qed
                                next
                                  case S2_Alice_invites_Bob
                                  by solve( !KU( ~sk_b ) @ #vk.33 )
                                next
                                  case S4_Alice_invites_Charlie
                                  by solve( !KU( ~sk_c.3 ) @ #vk.37 )
                                next
                                  case c_h
                                  by solve( !KU( ~ps_a ) @ #vk.33 )
                                qed
                              qed
                            qed
                          qed
                        qed
                      qed
                    qed
                  qed
                qed
              next
                case c_sign
                by solve( !KU( ~sk_alice.1 ) @ #vk.15 )
              qed
            qed
          qed
        qed
      qed
    qed
  qed
next
  case S5_Charlie_update
  solve( Charlie_S4( <'Charlie', h(~ps_c.1), joiner> ) ▶₀ #u )
    case S4_Charlie_joins
    solve( !ResolutionPK( 'Alice', pk_ra ) ▶₁ #u )
      case Alice_resolution_key
      solve( !ResolutionPK( 'Bob', pk_rb ) ▶₂ #u )
        case Bob_resolution_key
        solve( !EpochNodeState( h(~ps_c) ) ▶₀ #r )
          case S4_Alice_invites_Charlie
          solve( !KU( ~fs_msg ) @ #vk )
            case FS_Send_epoch_probe
            solve( !KU( sign(<'Charlie', ps_w_old, joiner.1>, ~sk_alice) ) @ #vk.4 )
              case S4_Alice_invites_Charlie
              solve( splitEqs(3) )
                case split_case_1
                solve( !KU( sign(<'Charlie', h(~ps_c.1), joiner>, ~sk_alice.1)
                       ) @ #vk.7 )
                  case S4_Alice_invites_Charlie
                  solve( !KU( aenc(<'Charlie', h(adec(cipher, node_sk(h(~ps_a)))), 
                                    h(<'ep3', h(adec(cipher, node_sk(h(~ps_a))))>)>,
                                   pk(~sk_c.1))
                         ) @ #vk.5 )
                    case S4_Alice_invites_Charlie
                    solve( splitEqs(5) )
                      case split_case_1
                      solve( !KU( aenc(<'Charlie', h(~ps_c.1), h(<'ep3', h(~ps_c.1)>)>,
                                       pk(~sk_c.2))
                             ) @ #vk.7 )
                        case S4_Alice_invites_Charlie
                        solve( !KU( aenc(~ps_c, pk(node_sk(h(~ps_a.1)))) ) @ #vk.19 )
                          case c_aenc
                          by solve( !KU( ~ps_c ) @ #vk.36 )
                        qed
                      next
                        case c_aenc
                        solve( !KU( aenc(~ps_c, pk(node_sk(h(~ps_a.1)))) ) @ #vk.17 )
                          case c_aenc
                          by solve( !KU( ~ps_c ) @ #vk.35 )
                        qed
                      qed
                    next
                      case split_case_2
                      solve( !KU( aenc(<'Charlie', h(~ps_c.1), h(<'ep3', h(~ps_c.1)>)>,
                                       pk(~sk_c.3))
                             ) @ #vk.7 )
                        case S4_Alice_invites_Charlie
                        solve( !KU( aenc(~ps_c, pk(node_sk(h(~ps_a.1)))) ) @ #vk.21 )
                          case c_aenc
                          by solve( !KU( ~ps_c ) @ #vk.42 )
                        qed
                      next
                        case c_aenc
                        solve( !KU( aenc(~ps_c, pk(node_sk(h(~ps_a.1)))) ) @ #vk.19 )
                          case c_aenc
                          by solve( !KU( ~ps_c ) @ #vk.41 )
                        qed
                      qed
                    qed
                  next
                    case c_aenc
                    solve( !KU( aenc(<'Charlie', h(~ps_c.1), h(<'ep3', h(~ps_c.1)>)>,
                                     pk(~sk_c.3))
                           ) @ #vk.7 )
                      case S4_Alice_invites_Charlie
                      solve( !KU( aenc(~ps_c, pk(node_sk(h(~ps_a.1)))) ) @ #vk.19 )
                        case c_aenc
                        by solve( !KU( ~ps_c ) @ #vk.42 )
                      qed
                    next
                      case c_aenc
                      solve( !KU( aenc(~ps_c, pk(node_sk(h(~ps_a.1)))) ) @ #vk.17 )
                        case c_aenc
                        by solve( !KU( ~ps_c ) @ #vk.40 )
                      qed
                    qed
                  qed
                next
                  case c_sign
                  by solve( !KU( ~sk_alice.1 ) @ #vk.26 )
                qed
              next
                case split_case_2
                solve( !KU( sign(<'Charlie', h(~ps_c.1), joiner>, ~sk_alice.1)
                       ) @ #vk.7 )
                  case S4_Alice_invites_Charlie
                  solve( !KU( aenc(<'Charlie', h(ps_x_new), h(<'ep3', h(ps_x_new)>)>,
                                   pk(~sk_c.1))
                         ) @ #vk.5 )
                    case S4_Alice_invites_Charlie
                    solve( splitEqs(5) )
                      case split_case_1
                      solve( !KU( aenc(<'Charlie', h(~ps_c.1), h(<'ep3', h(~ps_c.1)>)>,
                                       pk(~sk_c.3))
                             ) @ #vk.7 )
                        case S4_Alice_invites_Charlie
                        solve( !KU( aenc(~ps_c, pk(node_sk(h(~ps_a.1)))) ) @ #vk.21 )
                          case c_aenc
                          by solve( !KU( ~ps_c ) @ #vk.42 )
                        qed
                      next
                        case c_aenc
                        solve( !KU( aenc(~ps_c, pk(node_sk(h(~ps_a.1)))) ) @ #vk.19 )
                          case c_aenc
                          by solve( !KU( ~ps_c ) @ #vk.41 )
                        qed
                      qed
                    next
                      case split_case_2
                      solve( !KU( aenc(<'Charlie', h(~ps_c.1), h(<'ep3', h(~ps_c.1)>)>,
                                       pk(~sk_c.3))
                             ) @ #vk.7 )
                        case S4_Alice_invites_Charlie
                        solve( !KU( aenc(~ps_c, pk(node_sk(h(~ps_a)))) ) @ #vk.21 )
                          case c_aenc
                          by solve( !KU( ~ps_c ) @ #vk.42 )
                        qed
                      next
                        case c_aenc
                        solve( !KU( aenc(~ps_c, pk(node_sk(h(~ps_a)))) ) @ #vk.19 )
                          case c_aenc
                          by solve( !KU( ~ps_c ) @ #vk.41 )
                        qed
                      qed
                    qed
                  next
                    case c_aenc
                    solve( !KU( aenc(<'Charlie', h(~ps_c.1), h(<'ep3', h(~ps_c.1)>)>,
                                     pk(~sk_c.3))
                           ) @ #vk.7 )
                      case S4_Alice_invites_Charlie
                      solve( !KU( aenc(~ps_c, pk(node_sk(h(~ps_a)))) ) @ #vk.19 )
                        case c_aenc
                        by solve( !KU( ~ps_c ) @ #vk.42 )
                      qed
                    next
                      case c_aenc
                      solve( !KU( aenc(~ps_c, pk(node_sk(h(~ps_a)))) ) @ #vk.17 )
                        case c_aenc
                        by solve( !KU( ~ps_c ) @ #vk.40 )
                      qed
                    qed
                  qed
                next
                  case c_sign
                  by solve( !KU( ~sk_alice.1 ) @ #vk.26 )
                qed
              qed
            next
              case c_sign
              by solve( !KU( ~sk_alice ) @ #vk.19 )
            qed
          qed
        next
          case S5_Charlie_update
          solve( !KU( ~fs_msg ) @ #vk )
            case FS_Send_epoch_probe
            solve( !KU( sign(<'Charlie', ps_w_old, joiner.1>, ~sk_alice) ) @ #vk.4 )
              case S4_Alice_invites_Charlie
              solve( splitEqs(3) )
                case split_case_1
                solve( !KU( sign(<'Charlie', h(~ps_c.1), joiner>, ~sk_alice.1)
                       ) @ #vk.7 )
                  case S4_Alice_invites_Charlie
                  solve( !KU( aenc(<'Charlie', h(adec(cipher, node_sk(h(~ps_a)))), 
                                    h(<'ep3', h(adec(cipher, node_sk(h(~ps_a))))>)>,
                                   pk(~sk_c.1))
                         ) @ #vk.5 )
                    case S4_Alice_invites_Charlie
                    solve( splitEqs(5) )
                      case split_case_1
                      solve( !KU( aenc(<'Charlie', h(~ps_c.1), h(<'ep3', h(~ps_c.1)>)>,
                                       pk(~sk_c.2))
                             ) @ #vk.7 )
                        case S4_Alice_invites_Charlie
                        solve( !KU( h(~ps_c.1) ) @ #vk.8 )
                          case Reveal_NodeState_case_1
                          by contradiction /* from formulas */
                        next
                          case Reveal_NodeState_case_2
                          by contradiction /* from formulas */
                        next
                          case S4_Alice_invites_Charlie
                          by solve( !KU( ~sk_c.3 ) @ #vk.34 )
                        next
                          case S5_Charlie_update_case_1
                          by solve( !KU( ~sk_ra.1 ) @ #vk.30 )
                        next
                          case S5_Charlie_update_case_2
                          by solve( !KU( ~sk_rb.1 ) @ #vk.30 )
                        next
                          case c_h
                          by solve( !KU( ~ps_c.1 ) @ #vk.30 )
                        qed
                      next
                        case c_aenc
                        solve( !KU( h(~ps_c.1) ) @ #vk.8 )
                          case Reveal_NodeState_case_1
                          by contradiction /* from formulas */
                        next
                          case Reveal_NodeState_case_2
                          by contradiction /* from formulas */
                        next
                          case S4_Alice_invites_Charlie
                          by solve( !KU( ~sk_c.3 ) @ #vk.33 )
                        next
                          case S5_Charlie_update_case_1
                          by solve( !KU( ~sk_ra.1 ) @ #vk.29 )
                        next
                          case S5_Charlie_update_case_2
                          by solve( !KU( ~sk_rb.1 ) @ #vk.29 )
                        next
                          case c_h
                          by solve( !KU( ~ps_c.1 ) @ #vk.29 )
                        qed
                      qed
                    next
                      case split_case_2
                      solve( !KU( aenc(<'Charlie', h(~ps_c.1), h(<'ep3', h(~ps_c.1)>)>,
                                       pk(~sk_c.3))
                             ) @ #vk.7 )
                        case S4_Alice_invites_Charlie
                        solve( !KU( h(~ps_c.1) ) @ #vk.8 )
                          case Reveal_NodeState_case_1
                          by contradiction /* from formulas */
                        next
                          case Reveal_NodeState_case_2
                          by contradiction /* from formulas */
                        next
                          case S4_Alice_invites_Charlie
                          by solve( !KU( ~sk_c.4 ) @ #vk.40 )
                        next
                          case S5_Charlie_update_case_1
                          by solve( !KU( ~sk_ra.1 ) @ #vk.36 )
                        next
                          case S5_Charlie_update_case_2
                          by solve( !KU( ~sk_rb.1 ) @ #vk.36 )
                        next
                          case c_h
                          by solve( !KU( ~ps_c.1 ) @ #vk.36 )
                        qed
                      next
                        case c_aenc
                        solve( !KU( h(~ps_c.1) ) @ #vk.8 )
                          case Reveal_NodeState_case_1
                          by contradiction /* from formulas */
                        next
                          case Reveal_NodeState_case_2
                          by contradiction /* from formulas */
                        next
                          case S4_Alice_invites_Charlie
                          by solve( !KU( ~sk_c.4 ) @ #vk.39 )
                        next
                          case S5_Charlie_update_case_1
                          by solve( !KU( ~sk_ra.1 ) @ #vk.35 )
                        next
                          case S5_Charlie_update_case_2
                          by solve( !KU( ~sk_rb.1 ) @ #vk.35 )
                        next
                          case c_h
                          by solve( !KU( ~ps_c.1 ) @ #vk.35 )
                        qed
                      qed
                    qed
                  next
                    case c_aenc
                    solve( !KU( aenc(<'Charlie', h(~ps_c.1), h(<'ep3', h(~ps_c.1)>)>,
                                     pk(~sk_c.3))
                           ) @ #vk.7 )
                      case S4_Alice_invites_Charlie
                      solve( !KU( h(~ps_c.1) ) @ #vk.8 )
                        case Reveal_NodeState_case_1
                        by contradiction /* from formulas */
                      next
                        case Reveal_NodeState_case_2
                        by contradiction /* from formulas */
                      next
                        case S4_Alice_invites_Charlie
                        by solve( !KU( ~sk_c.4 ) @ #vk.40 )
                      next
                        case S5_Charlie_update_case_1
                        by solve( !KU( ~sk_ra.1 ) @ #vk.36 )
                      next
                        case S5_Charlie_update_case_2
                        by solve( !KU( ~sk_rb.1 ) @ #vk.36 )
                      next
                        case c_h
                        by solve( !KU( ~ps_c.1 ) @ #vk.36 )
                      qed
                    next
                      case c_aenc
                      solve( !KU( h(~ps_c.1) ) @ #vk.8 )
                        case Reveal_NodeState_case_1
                        by contradiction /* from formulas */
                      next
                        case Reveal_NodeState_case_2
                        by contradiction /* from formulas */
                      next
                        case S4_Alice_invites_Charlie
                        by solve( !KU( ~sk_c.4 ) @ #vk.38 )
                      next
                        case S5_Charlie_update_case_1
                        by solve( !KU( ~sk_ra.1 ) @ #vk.34 )
                      next
                        case S5_Charlie_update_case_2
                        by solve( !KU( ~sk_rb.1 ) @ #vk.34 )
                      next
                        case c_h
                        by solve( !KU( ~ps_c.1 ) @ #vk.34 )
                      qed
                    qed
                  qed
                next
                  case c_sign
                  by solve( !KU( ~sk_alice.1 ) @ #vk.20 )
                qed
              next
                case split_case_2
                solve( !KU( sign(<'Charlie', h(~ps_c.1), joiner>, ~sk_alice.1)
                       ) @ #vk.7 )
                  case S4_Alice_invites_Charlie
                  solve( !KU( aenc(<'Charlie', h(ps_x_new), h(<'ep3', h(ps_x_new)>)>,
                                   pk(~sk_c.1))
                         ) @ #vk.5 )
                    case S4_Alice_invites_Charlie
                    solve( splitEqs(5) )
                      case split_case_1
                      solve( !KU( aenc(<'Charlie', h(~ps_c.1), h(<'ep3', h(~ps_c.1)>)>,
                                       pk(~sk_c.3))
                             ) @ #vk.7 )
                        case S4_Alice_invites_Charlie
                        solve( !KU( h(~ps_c.1) ) @ #vk.8 )
                          case Reveal_NodeState_case_1
                          by contradiction /* from formulas */
                        next
                          case Reveal_NodeState_case_2
                          by contradiction /* from formulas */
                        next
                          case S4_Alice_invites_Charlie
                          by solve( !KU( ~sk_c.4 ) @ #vk.40 )
                        next
                          case S5_Charlie_update_case_1
                          by solve( !KU( ~sk_ra.1 ) @ #vk.36 )
                        next
                          case S5_Charlie_update_case_2
                          by solve( !KU( ~sk_rb.1 ) @ #vk.36 )
                        next
                          case c_h
                          by solve( !KU( ~ps_c.1 ) @ #vk.36 )
                        qed
                      next
                        case c_aenc
                        solve( !KU( h(~ps_c.1) ) @ #vk.8 )
                          case Reveal_NodeState_case_1
                          by contradiction /* from formulas */
                        next
                          case Reveal_NodeState_case_2
                          by contradiction /* from formulas */
                        next
                          case S4_Alice_invites_Charlie
                          by solve( !KU( ~sk_c.4 ) @ #vk.39 )
                        next
                          case S5_Charlie_update_case_1
                          by solve( !KU( ~sk_ra.1 ) @ #vk.35 )
                        next
                          case S5_Charlie_update_case_2
                          by solve( !KU( ~sk_rb.1 ) @ #vk.35 )
                        next
                          case c_h
                          by solve( !KU( ~ps_c.1 ) @ #vk.35 )
                        qed
                      qed
                    next
                      case split_case_2
                      solve( !KU( aenc(<'Charlie', h(~ps_c.1), h(<'ep3', h(~ps_c.1)>)>,
                                       pk(~sk_c.3))
                             ) @ #vk.7 )
                        case S4_Alice_invites_Charlie
                        solve( !KU( h(~ps_c.1) ) @ #vk.8 )
                          case Reveal_NodeState_case_1
                          by contradiction /* from formulas */
                        next
                          case Reveal_NodeState_case_2
                          by contradiction /* from formulas */
                        next
                          case S4_Alice_invites_Charlie
                          by solve( !KU( ~sk_c.4 ) @ #vk.40 )
                        next
                          case S5_Charlie_update_case_1
                          by solve( !KU( ~sk_ra.1 ) @ #vk.36 )
                        next
                          case S5_Charlie_update_case_2
                          by solve( !KU( ~sk_rb.1 ) @ #vk.36 )
                        next
                          case c_h
                          by solve( !KU( ~ps_c.1 ) @ #vk.36 )
                        qed
                      next
                        case c_aenc
                        solve( !KU( h(~ps_c.1) ) @ #vk.8 )
                          case Reveal_NodeState_case_1
                          by contradiction /* from formulas */
                        next
                          case Reveal_NodeState_case_2
                          by contradiction /* from formulas */
                        next
                          case S4_Alice_invites_Charlie
                          by solve( !KU( ~sk_c.4 ) @ #vk.39 )
                        next
                          case S5_Charlie_update_case_1
                          by solve( !KU( ~sk_ra.1 ) @ #vk.35 )
                        next
                          case S5_Charlie_update_case_2
                          by solve( !KU( ~sk_rb.1 ) @ #vk.35 )
                        next
                          case c_h
                          by solve( !KU( ~ps_c.1 ) @ #vk.35 )
                        qed
                      qed
                    qed
                  next
                    case c_aenc
                    solve( !KU( aenc(<'Charlie', h(~ps_c.1), h(<'ep3', h(~ps_c.1)>)>,
                                     pk(~sk_c.3))
                           ) @ #vk.7 )
                      case S4_Alice_invites_Charlie
                      solve( !KU( h(~ps_c.1) ) @ #vk.8 )
                        case Reveal_NodeState_case_1
                        by contradiction /* from formulas */
                      next
                        case Reveal_NodeState_case_2
                        by contradiction /* from formulas */
                      next
                        case S4_Alice_invites_Charlie
                        by solve( !KU( ~sk_c.4 ) @ #vk.40 )
                      next
                        case S5_Charlie_update_case_1
                        by solve( !KU( ~sk_ra.1 ) @ #vk.36 )
                      next
                        case S5_Charlie_update_case_2
                        by solve( !KU( ~sk_rb.1 ) @ #vk.36 )
                      next
                        case c_h
                        by solve( !KU( ~ps_c.1 ) @ #vk.36 )
                      qed
                    next
                      case c_aenc
                      solve( !KU( h(~ps_c.1) ) @ #vk.8 )
                        case Reveal_NodeState_case_1
                        by contradiction /* from formulas */
                      next
                        case Reveal_NodeState_case_2
                        by contradiction /* from formulas */
                      next
                        case S4_Alice_invites_Charlie
                        by solve( !KU( ~sk_c.4 ) @ #vk.38 )
                      next
                        case S5_Charlie_update_case_1
                        by solve( !KU( ~sk_ra.1 ) @ #vk.34 )
                      next
                        case S5_Charlie_update_case_2
                        by solve( !KU( ~sk_rb.1 ) @ #vk.34 )
                      next
                        case c_h
                        by solve( !KU( ~ps_c.1 ) @ #vk.34 )
                      qed
                    qed
                  qed
                next
                  case c_sign
                  by solve( !KU( ~sk_alice.1 ) @ #vk.20 )
                qed
              qed
            next
              case c_sign
              by solve( !KU( ~sk_alice ) @ #vk.10 )
            qed
          qed
        qed
      qed
    qed
  qed
qed

lemma L2_same_epoch_reveal_control:
  all-traces
  "∀ m ps #s #r.
    (((FS_Send( m, ps ) @ #s) ∧ (RevealNode( ps ) @ #r)) ∧ (#s < #r)) ⇒
    (¬(∃ #j. K( m ) @ #j))"
/*
guarded formula characterizing all counter-examples:
"∃ m ps #s #r.
  (FS_Send( m, ps ) @ #s) ∧ (RevealNode( ps ) @ #r)
 ∧
  (#s < #r) ∧ (∃ #j. (K( m ) @ #j))"
*/
by sorry

lemma exec_pcs_healing:
  exists-trace
  "∃ m ps_old ps_new g #r #u #a #b #s.
    (((((((((RevealNode( ps_old ) @ #r) ∧
            (FS_Update( ps_old, ps_new ) @ #u)) ∧
           (S5_Alice_syncW( g, ps_new ) @ #a)) ∧
          (S5_Bob_syncW( ps_new ) @ #b)) ∧
         (FS_Send( m, ps_new ) @ #s)) ∧
        (#r < #u)) ∧
       (#u < #a)) ∧
      (#u < #b)) ∧
     (#a < #s)) ∧
    (#b < #s)"
/*
guarded formula characterizing all satisfying traces:
"∃ m ps_old ps_new g #r #u #a #b #s.
  (RevealNode( ps_old ) @ #r) ∧
  (FS_Update( ps_old, ps_new ) @ #u) ∧
  (S5_Alice_syncW( g, ps_new ) @ #a) ∧
  (S5_Bob_syncW( ps_new ) @ #b) ∧
  (FS_Send( m, ps_new ) @ #s)
 ∧
  (#r < #u) ∧ (#u < #a) ∧ (#u < #b) ∧ (#a < #s) ∧ (#b < #s)"
*/
by sorry

lemma L3_post_compromise_security:
  all-traces
  "∀ m ps_old ps_new g #r #u #a #b #s.
    (((((((((((RevealNode( ps_old ) @ #r) ∧
              (FS_Update( ps_old, ps_new ) @ #u)) ∧
             (S5_Alice_syncW( g, ps_new ) @ #a)) ∧
            (S5_Bob_syncW( ps_new ) @ #b)) ∧
           (FS_Send( m, ps_new ) @ #s)) ∧
          (#r < #u)) ∧
         (#u < #a)) ∧
        (#u < #b)) ∧
       (#a < #s)) ∧
      (#b < #s)) ∧
     (¬(∃ #rn. RevealNode( ps_new ) @ #rn))) ⇒
    (¬(∃ #j. K( m ) @ #j))"
/*
guarded formula characterizing all counter-examples:
"∃ m ps_old ps_new g #r #u #a #b #s.
  (RevealNode( ps_old ) @ #r) ∧
  (FS_Update( ps_old, ps_new ) @ #u) ∧
  (S5_Alice_syncW( g, ps_new ) @ #a) ∧
  (S5_Bob_syncW( ps_new ) @ #b) ∧
  (FS_Send( m, ps_new ) @ #s)
 ∧
  (#r < #u) ∧
  (#u < #a) ∧
  (#u < #b) ∧
  (#a < #s) ∧
  (#b < #s) ∧
  (∀ #rn. (RevealNode( ps_new ) @ #rn) ⇒ ⊥) ∧
  (∃ #j. (K( m ) @ #j))"
*/
by sorry

lemma L3_healed_epoch_reveal_control:
  all-traces
  "∀ m ps_old ps_new g #r #u #a #b #rn #s.
    ((((((((((((RevealNode( ps_old ) @ #r) ∧
               (FS_Update( ps_old, ps_new ) @ #u)) ∧
              (S5_Alice_syncW( g, ps_new ) @ #a)) ∧
             (S5_Bob_syncW( ps_new ) @ #b)) ∧
            (RevealNode( ps_new ) @ #rn)) ∧
           (FS_Send( m, ps_new ) @ #s)) ∧
          (#r < #u)) ∧
         (#u < #a)) ∧
        (#u < #b)) ∧
       (#a < #rn)) ∧
      (#b < #rn)) ∧
     (#rn < #s)) ⇒
    (¬(∃ #j. K( m ) @ #j))"
/*
guarded formula characterizing all counter-examples:
"∃ m ps_old ps_new g #r #u #a #b #rn #s.
  (RevealNode( ps_old ) @ #r) ∧
  (FS_Update( ps_old, ps_new ) @ #u) ∧
  (S5_Alice_syncW( g, ps_new ) @ #a) ∧
  (S5_Bob_syncW( ps_new ) @ #b) ∧
  (RevealNode( ps_new ) @ #rn) ∧
  (FS_Send( m, ps_new ) @ #s)
 ∧
  (#r < #u) ∧
  (#u < #a) ∧
  (#u < #b) ∧
  (#a < #rn) ∧
  (#b < #rn) ∧
  (#rn < #s) ∧
  (∃ #j. (K( m ) @ #j))"
*/
by sorry

/* All wellformedness checks were successful. */

/*
Generated from:
Tamarin version 1.12.0
Maude version 3.5.1
Git revision: 82780bbaf3328a45f624ddb41e51bf75425f851c, branch: HEAD
Compiled at: 2026-08-21 06:15:16.651364526 UTC
*/

end

==============================================================================
summary of summaries:

analyzed: mls_ratchet_tree_semantic_final.spthy

  processing time: 58.49s
  
  exec_normal_flow_alice_recv (exists-trace): analysis incomplete (1 steps)
  exec_normal_flow_bob_recv (exists-trace): analysis incomplete (1 steps)
  L1_baseline_secrecy (all-traces): analysis incomplete (1 steps)
  exec_fs_current_compromise (exists-trace): analysis incomplete (1 steps)
  L2_forward_secrecy (all-traces): verified (1347 steps)
  L2_same_epoch_reveal_control (all-traces): analysis incomplete (1 steps)
  exec_pcs_healing (exists-trace): analysis incomplete (1 steps)
  L3_post_compromise_security (all-traces): analysis incomplete (1 steps)
  L3_healed_epoch_reveal_control (all-traces): analysis incomplete (1 steps)

==============================================================================
